2.360106963723023477e-01,-5.610403880880174832e-01,-5.610403880880179273e-01,-5.610403880880180383e-01
2.360106963723025975e-01,-6.135898782358214509e-01,-6.135898782358217840e-01,-4.373944145173325748e-01
2.360106963723029860e-01,-6.535622405045294903e-01,-6.535622405045297123e-01,-3.000195773133139676e-01
2.360106963723036244e-01,-6.786006457803990255e-01,-6.786006457803990255e-01,-1.526475623477530630e-01
2.360106963723025975e-01,-6.871313379543464439e-01,-6.871313379543466660e-01,0.000000000000000000e+00
2.360106963723036244e-01,-6.786006457803990255e-01,-6.786006457803990255e-01,1.526475623477530630e-01
2.360106963723029860e-01,-6.535622405045294903e-01,-6.535622405045297123e-01,3.000195773133140231e-01
2.360106963723025975e-01,-6.135898782358214509e-01,-6.135898782358217840e-01,4.373944145173325748e-01
2.360106963723023477e-01,-5.610403880880174832e-01,-5.610403880880179273e-01,5.610403880880180383e-01
2.360106963723025975e-01,-6.135898782358214509e-01,-4.373944145173325748e-01,-6.135898782358217840e-01
2.360106963723025975e-01,-7.407260433536508870e-01,-4.447605422558896793e-01,-4.447605422558899568e-01
2.360106963723027640e-01,-7.786386650125567410e-01,-4.929545548243100539e-01,-3.082476073277626849e-01
2.360106963723030138e-01,-8.031578320336716370e-01,-5.237404260975493386e-01,-1.579000130208697006e-01
2.360106963723025975e-01,-8.116522026534607193e-01,-5.343403906927178815e-01,0.000000000000000000e+00
2.360106963723030138e-01,-8.031578320336716370e-01,-5.237404260975493386e-01,1.579000130208697006e-01
2.360106963723027640e-01,-7.786386650125567410e-01,-4.929545548243100539e-01,3.082476073277627959e-01
2.360106963723025975e-01,-7.407260433536508870e-01,-4.447605422558896793e-01,4.447605422558899568e-01
2.360106963723025975e-01,-6.135898782358214509e-01,-4.373944145173325748e-01,6.135898782358217840e-01
2.360106963723027640e-01,-6.535622405045294903e-01,-3.000195773133139676e-01,-6.535622405045297123e-01
2.360106963723026252e-01,-7.786386650125567410e-01,-3.082476073277626849e-01,-4.929545548243100539e-01
2.360106963723030138e-01,-8.690729399719600012e-01,-3.074176118949226155e-01,-3.074176118949228376e-01
2.360106963723032081e-01,-8.922034030760879197e-01,-3.499500597515113332e-01,-1.606455552364331185e-01
2.360106963723029860e-01,-9.005956774385421859e-01,-3.650018862648163886e-01,0.000000000000000000e+00
2.360106963723032081e-01,-8.922034030760879197e-01,-3.499500597515113332e-01,1.606455552364331185e-01
2.360106963723027917e-01,-8.690729399719600012e-01,-3.074176118949226710e-01,3.074176118949228931e-01
2.360106963723026252e-01,-7.786386650125567410e-01,-3.082476073277626849e-01,4.929545548243100539e-01
2.360106963723027640e-01,-6.535622405045294903e-01,-3.000195773133139676e-01,6.535622405045297123e-01
2.360106963723036244e-01,-6.786006457803990255e-01,-1.526475623477530630e-01,-6.786006457803990255e-01
2.360106963723029860e-01,-8.031578320336715260e-01,-1.579000130208696728e-01,-5.237404260975492276e-01
2.360106963723029860e-01,-8.922034030760879197e-01,-1.606455552364331463e-01,-3.499500597515113887e-01
2.360106963723032081e-01,-9.460810779429454920e-01,-1.568909576045967313e-01,-1.568909576045968146e-01
2.360106963723032358e-01,-9.539617623095910659e-01,-1.850835142551594537e-01,0.000000000000000000e+00
2.360106963723032081e-01,-9.460810779429454920e-01,-1.568909576045967313e-01,1.568909576045968146e-01
2.360106963723029860e-01,-8.922034030760879197e-01,-1.606455552364331463e-01,3.499500597515114997e-01
2.360106963723029860e-01,-8.031578320336715260e-01,-1.579000130208696728e-01,5.237404260975492276e-01
2.360106963723036244e-01,-6.786006457803990255e-01,-1.526475623477530630e-01,6.786006457803990255e-01
2.360106963723025975e-01,-6.871313379543464439e-01,0.000000000000000000e+00,-6.871313379543466660e-01
2.360106963723025975e-01,-8.116522026534607193e-01,0.000000000000000000e+00,-5.343403906927178815e-01
2.360106963723029860e-01,-9.005956774385421859e-01,0.000000000000000000e+00,-3.650018862648163886e-01
2.360106963723032358e-01,-9.539617623095910659e-01,0.000000000000000000e+00,-1.850835142551594537e-01
2.360106963723029860e-01,-9.717504572666074703e-01,0.000000000000000000e+00,7.801420362839313924e-16
2.360106963723032358e-01,-9.539617623095910659e-01,0.000000000000000000e+00,1.850835142551594537e-01
2.360106963723029860e-01,-9.005956774385421859e-01,0.000000000000000000e+00,3.650018862648164997e-01
2.360106963723025975e-01,-8.116522026534607193e-01,0.000000000000000000e+00,5.343403906927178815e-01
2.360106963723025975e-01,-6.871313379543464439e-01,0.000000000000000000e+00,6.871313379543466660e-01
2.360106963723036244e-01,-6.786006457803990255e-01,1.526475623477530630e-01,-6.786006457803990255e-01
2.360106963723029860e-01,-8.031578320336715260e-01,1.579000130208696728e-01,-5.237404260975492276e-01
2.360106963723029860e-01,-8.922034030760879197e-01,1.606455552364331463e-01,-3.499500597515113887e-01
2.360106963723032081e-01,-9.460810779429454920e-01,1.568909576045967313e-01,-1.568909576045968146e-01
2.360106963723032358e-01,-9.539617623095910659e-01,1.850835142551594537e-01,0.000000000000000000e+00
2.360106963723032081e-01,-9.460810779429454920e-01,1.568909576045967313e-01,1.568909576045968146e-01
2.360106963723029860e-01,-8.922034030760879197e-01,1.606455552364331463e-01,3.499500597515114997e-01
2.360106963723029860e-01,-8.031578320336715260e-01,1.579000130208696728e-01,5.237404260975492276e-01
2.360106963723036244e-01,-6.786006457803990255e-01,1.526475623477530630e-01,6.786006457803990255e-01
2.360106963723027640e-01,-6.535622405045294903e-01,3.000195773133140231e-01,-6.535622405045297123e-01
2.360106963723026252e-01,-7.786386650125567410e-01,3.082476073277627404e-01,-4.929545548243100539e-01
2.360106963723027917e-01,-8.690729399719600012e-01,3.074176118949228931e-01,-3.074176118949226710e-01
2.360106963723029860e-01,-8.922034030760879197e-01,3.499500597515114997e-01,-1.606455552364331463e-01
2.360106963723029860e-01,-9.005956774385421859e-01,3.650018862648164997e-01,0.000000000000000000e+00
2.360106963723029860e-01,-8.922034030760879197e-01,3.499500597515114997e-01,1.606455552364331463e-01
2.360106963723027917e-01,-8.690729399719600012e-01,3.074176118949228376e-01,3.074176118949228931e-01
2.360106963723026252e-01,-7.786386650125567410e-01,3.082476073277627404e-01,4.929545548243100539e-01
2.360106963723027640e-01,-6.535622405045294903e-01,3.000195773133140231e-01,6.535622405045297123e-01
2.360106963723025975e-01,-6.135898782358214509e-01,4.373944145173325748e-01,-6.135898782358217840e-01
2.360106963723025975e-01,-7.407260433536508870e-01,4.447605422558896793e-01,-4.447605422558899568e-01
2.360106963723027640e-01,-7.786386650125567410e-01,4.929545548243100539e-01,-3.082476073277626849e-01
2.360106963723030138e-01,-8.031578320336716370e-01,5.237404260975493386e-01,-1.579000130208697006e-01
2.360106963723025975e-01,-8.116522026534607193e-01,5.343403906927178815e-01,0.000000000000000000e+00
2.360106963723030138e-01,-8.031578320336716370e-01,5.237404260975493386e-01,1.579000130208697006e-01
2.360106963723027640e-01,-7.786386650125567410e-01,4.929545548243100539e-01,3.082476073277627959e-01
2.360106963723025975e-01,-7.407260433536508870e-01,4.447605422558896793e-01,4.447605422558899568e-01
2.360106963723025975e-01,-6.135898782358214509e-01,4.373944145173325748e-01,6.135898782358217840e-01
2.360106963723023477e-01,-5.610403880880174832e-01,5.610403880880179273e-01,-5.610403880880180383e-01
2.360106963723025975e-01,-6.135898782358214509e-01,6.135898782358217840e-01,-4.373944145173325748e-01
2.360106963723029860e-01,-6.535622405045294903e-01,6.535622405045297123e-01,-3.000195773133139676e-01
2.360106963723036244e-01,-6.786006457803990255e-01,6.786006457803990255e-01,-1.526475623477530630e-01
2.360106963723025975e-01,-6.871313379543464439e-01,6.871313379543466660e-01,0.000000000000000000e+00
2.360106963723036244e-01,-6.786006457803990255e-01,6.786006457803990255e-01,1.526475623477530630e-01
2.360106963723029860e-01,-6.535622405045294903e-01,6.535622405045297123e-01,3.000195773133140231e-01
2.360106963723025975e-01,-6.135898782358214509e-01,6.135898782358217840e-01,4.373944145173325748e-01
2.360106963723023477e-01,-5.610403880880174832e-01,5.610403880880179273e-01,5.610403880880180383e-01
2.360106963723025975e-01,-4.373944145173325748e-01,-6.135898782358214509e-01,-6.135898782358217840e-01
2.360106963723025975e-01,-4.447605422558896793e-01,-7.407260433536508870e-01,-4.447605422558899568e-01
2.360106963723027640e-01,-4.929545548243100539e-01,-7.786386650125567410e-01,-3.082476073277626849e-01
2.360106963723030138e-01,-5.237404260975493386e-01,-8.031578320336716370e-01,-1.579000130208697006e-01
2.360106963723026252e-01,-5.343403906927178815e-01,-8.116522026534608303e-01,0.000000000000000000e+00
2.360106963723030138e-01,-5.237404260975493386e-01,-8.031578320336716370e-01,1.579000130208697006e-01
2.360106963723027640e-01,-4.929545548243100539e-01,-7.786386650125567410e-01,3.082476073277627959e-01
2.360106963723025975e-01,-4.447605422558896793e-01,-7.407260433536508870e-01,4.447605422558899568e-01
2.360106963723025975e-01,-4.373944145173325748e-01,-6.135898782358214509e-01,6.135898782358217840e-01
2.360106963723025975e-01,-4.447605422558896793e-01,-4.447605422558899568e-01,-7.407260433536508870e-01
5.887331645444503492e-01,-4.666880689016580930e-01,-4.666880689016584260e-01,-4.666880689016585926e-01
5.887331645444506822e-01,-5.227533316675520014e-01,-5.227533316675522235e-01,-3.268809713434314146e-01
5.887331645444509043e-01,-5.590123262105136659e-01,-5.590123262105137769e-01,-1.685339706257969472e-01
5.887331645444504602e-01,-5.715738189269506941e-01,-5.715738189269506941e-01,0.000000000000000000e+00
5.887331645444509043e-01,-5.590123262105136659e-01,-5.590123262105137769e-01,1.685339706257969472e-01
5.887331645444506822e-01,-5.227533316675520014e-01,-5.227533316675522235e-01,3.268809713434315256e-01
5.887331645444503492e-01,-4.666880689016580930e-01,-4.666880689016584260e-01,4.666880689016585926e-01
2.360106963723025975e-01,-4.447605422558896793e-01,-4.447605422558899568e-01,7.407260433536508870e-01
2.360106963723026252e-01,-4.929545548243100539e-01,-3.082476073277626849e-01,-7.786386650125567410e-01
5.887331645444506822e-01,-5.227533316675520014e-01,-3.268809713434314146e-01,-5.227533316675522235e-01
5.887331645444506822e-01,-6.564877231917798373e-01,-3.334794823253371399e-01,-3.334794823253373619e-01
5.887331645444509043e-01,-6.906930995304829679e-01,-3.816342188521961165e-01,-1.751902572277492243e-01
5.887331645444507933e-01,-7.031036120919097465e-01,-3.987964037310093302e-01,0.000000000000000000e+00
5.887331645444509043e-01,-6.906930995304829679e-01,-3.816342188521961165e-01,1.751902572277492243e-01
5.887331645444506822e-01,-6.564877231917797262e-01,-3.334794823253370843e-01,3.334794823253374174e-01
5.887331645444506822e-01,-5.227533316675520014e-01,-3.268809713434314146e-01,5.227533316675522235e-01
2.360106963723026252e-01,-4.929545548243100539e-01,-3.082476073277626849e-01,7.786386650125567410e-01
2.360106963723029860e-01,-5.237404260975492276e-01,-1.579000130208696728e-01,-8.031578320336715260e-01
5.887331645444509043e-01,-5.590123262105136659e-01,-1.685339706257969472e-01,-5.590123262105137769e-01
5.887331645444509043e-01,-6.906930995304829679e-01,-1.751902572277492243e-01,-3.816342188521961165e-01
5.887331645444507933e-01,-7.703675157658527173e-01,-1.730999012394654202e-01,-1.730999012394655590e-01
5.887331645444510153e-01,-7.820214879908851113e-01,-2.045376573787785202e-01,0.000000000000000000e+00
5.887331645444507933e-01,-7.703675157658527173e-01,-1.730999012394654202e-01,1.730999012394655590e-01
5.887331645444509043e-01,-6.906930995304828569e-01,-1.751902572277492798e-01,3.816342188521963941e-01
5.887331645444509043e-01,-5.590123262105136659e-01,-1.685339706257969472e-01,5.590123262105137769e-01
2.360106963723029860e-01,-5.237404260975492276e-01,-1.579000130208696728e-01,8.031578320336715260e-01
2.360106963723026252e-01,-5.343403906927178815e-01,0.000000000000000000e+00,-8.116522026534608303e-01
5.887331645444504602e-01,-5.715738189269506941e-01,0.000000000000000000e+00,-5.715738189269506941e-01
5.887331645444507933e-01,-7.031036120919097465e-01,0.000000000000000000e+00,-3.987964037310093302e-01
5.887331645444510153e-01,-7.820214879908851113e-01,0.000000000000000000e+00,-2.045376573787785202e-01
5.887331645444509043e-01,-8.083274466238768996e-01,0.000000000000000000e+00,8.652567340071470391e-16
5.887331645444510153e-01,-7.820214879908851113e-01,0.000000000000000000e+00,2.045376573787785202e-01
5.887331645444509043e-01,-7.031036120919096355e-01,0.000000000000000000e+00,3.987964037310094412e-01
5.887331645444504602e-01,-5.715738189269506941e-01,0.000000000000000000e+00,5.715738189269506941e-01
2.360106963723026252e-01,-5.343403906927178815e-01,0.000000000000000000e+00,8.116522026534608303e-01
2.360106963723029860e-01,-5.237404260975492276e-01,1.579000130208696728e-01,-8.031578320336715260e-01
5.887331645444509043e-01,-5.590123262105136659e-01,1.685339706257969472e-01,-5.590123262105137769e-01
5.887331645444509043e-01,-6.906930995304829679e-01,1.751902572277492243e-01,-3.816342188521961165e-01
5.887331645444507933e-01,-7.703675157658527173e-01,1.730999012394654202e-01,-1.730999012394655590e-01
5.887331645444510153e-01,-7.820214879908851113e-01,2.045376573787785202e-01,0.000000000000000000e+00
5.887331645444507933e-01,-7.703675157658527173e-01,1.730999012394654202e-01,1.730999012394655590e-01
5.887331645444509043e-01,-6.906930995304828569e-01,1.751902572277492798e-01,3.816342188521963941e-01
5.887331645444509043e-01,-5.590123262105136659e-01,1.685339706257969472e-01,5.590123262105137769e-01
2.360106963723029860e-01,-5.237404260975492276e-01,1.579000130208696728e-01,8.031578320336715260e-01
2.360106963723026252e-01,-4.929545548243100539e-01,3.082476073277627404e-01,-7.786386650125567410e-01
5.887331645444506822e-01,-5.227533316675520014e-01,3.268809713434315256e-01,-5.227533316675522235e-01
5.887331645444506822e-01,-6.564877231917797262e-01,3.334794823253374174e-01,-3.334794823253370843e-01
5.887331645444509043e-01,-6.906930995304828569e-01,3.816342188521963941e-01,-1.751902572277492798e-01
5.887331645444509043e-01,-7.031036120919096355e-01,3.987964037310094412e-01,0.000000000000000000e+00
5.887331645444509043e-01,-6.906930995304828569e-01,3.816342188521963941e-01,1.751902572277492798e-01
5.887331645444506822e-01,-6.564877231917797262e-01,3.334794823253372509e-01,3.334794823253373619e-01
5.887331645444506822e-01,-5.227533316675520014e-01,3.268809713434315256e-01,5.227533316675522235e-01
2.360106963723026252e-01,-4.929545548243100539e-01,3.082476073277627404e-01,7.786386650125567410e-01
2.360106963723025975e-01,-4.447605422558896793e-01,4.447605422558899568e-01,-7.407260433536508870e-01
5.887331645444503492e-01,-4.666880689016580930e-01,4.666880689016584260e-01,-4.666880689016585926e-01
5.887331645444506822e-01,-5.227533316675520014e-01,5.227533316675522235e-01,-3.268809713434314146e-01
5.887331645444509043e-01,-5.590123262105136659e-01,5.590123262105137769e-01,-1.685339706257969472e-01
5.887331645444504602e-01,-5.715738189269506941e-01,5.715738189269506941e-01,0.000000000000000000e+00
5.887331645444509043e-01,-5.590123262105136659e-01,5.590123262105137769e-01,1.685339706257969472e-01
5.887331645444506822e-01,-5.227533316675520014e-01,5.227533316675522235e-01,3.268809713434315256e-01
5.887331645444503492e-01,-4.666880689016580930e-01,4.666880689016584260e-01,4.666880689016585926e-01
2.360106963723025975e-01,-4.447605422558896793e-01,4.447605422558899568e-01,7.407260433536508870e-01
2.360106963723025975e-01,-4.373944145173325748e-01,6.135898782358214509e-01,-6.135898782358217840e-01
2.360106963723025975e-01,-4.447605422558896793e-01,7.407260433536508870e-01,-4.447605422558899568e-01
2.360106963723027640e-01,-4.929545548243100539e-01,7.786386650125567410e-01,-3.082476073277626849e-01
2.360106963723030138e-01,-5.237404260975493386e-01,8.031578320336716370e-01,-1.579000130208697006e-01
2.360106963723026252e-01,-5.343403906927178815e-01,8.116522026534608303e-01,0.000000000000000000e+00
2.360106963723030138e-01,-5.237404260975493386e-01,8.031578320336716370e-01,1.579000130208697006e-01
2.360106963723027640e-01,-4.929545548243100539e-01,7.786386650125567410e-01,3.082476073277627959e-01
2.360106963723025975e-01,-4.447605422558896793e-01,7.407260433536508870e-01,4.447605422558899568e-01
2.360106963723025975e-01,-4.373944145173325748e-01,6.135898782358214509e-01,6.135898782358217840e-01
2.360106963723027640e-01,-3.000195773133139676e-01,-6.535622405045294903e-01,-6.535622405045297123e-01
2.360106963723026530e-01,-3.082476073277627404e-01,-7.786386650125567410e-01,-4.929545548243101094e-01
2.360106963723030138e-01,-3.074176118949226155e-01,-8.690729399719600012e-01,-3.074176118949228376e-01
2.360106963723032081e-01,-3.499500597515113332e-01,-8.922034030760879197e-01,-1.606455552364331185e-01
2.360106963723029860e-01,-3.650018862648163886e-01,-9.005956774385421859e-01,0.000000000000000000e+00
2.360106963723032081e-01,-3.499500597515113332e-01,-8.922034030760879197e-01,1.606455552364331185e-01
2.360106963723027917e-01,-3.074176118949226710e-01,-8.690729399719600012e-01,3.074176118949228931e-01
2.360106963723026530e-01,-3.082476073277627404e-01,-7.786386650125567410e-01,4.929545548243101094e-01
2.360106963723027640e-01,-3.000195773133139676e-01,-6.535622405045294903e-01,6.535622405045297123e-01
2.360106963723026252e-01,-3.082476073277626849e-01,-4.929545548243100539e-01,-7.786386650125567410e-01
5.887331645444507933e-01,-3.268809713434314701e-01,-5.227533316675521124e-01,-5.227533316675523345e-01
5.887331645444506822e-01,-3.334794823253371399e-01,-6.564877231917798373e-01,-3.334794823253373619e-01
5.887331645444509043e-01,-3.816342188521961165e-01,-6.906930995304829679e-01,-1.751902572277492243e-01
5.887331645444506822e-01,-3.987964037310092746e-01,-7.031036120919096355e-01,0.000000000000000000e+00
5.887331645444509043e-01,-3.816342188521961165e-01,-6.906930995304829679e-01,1.751902572277492243e-01
5.887331645444507933e-01,-3.334794823253371399e-01,-6.564877231917798373e-01,3.334794823253374729e-01
5.887331645444507933e-01,-3.268809713434314701e-01,-5.227533316675521124e-01,5.227533316675523345e-01
2.360106963723026252e-01,-3.082476073277626849e-01,-4.929545548243100539e-01,7.786386650125567410e-01
2.360106963723030138e-01,-3.074176118949226155e-01,-3.074176118949228376e-01,-8.690729399719600012e-01
5.887331645444506822e-01,-3.334794823253371399e-01,-3.334794823253373619e-01,-6.564877231917798373e-01
8.218782645979643142e-01,-3.288951799491940386e-01,-3.288951799491943162e-01,-3.288951799491943717e-01
8.218782645979646473e-01,-3.831336838891055696e-01,-3.831336838891056806e-01,-1.758785908533612996e-01
8.218782645979644252e-01,-4.028126848681892191e-01,-4.028126848681893302e-01,0.000000000000000000e+00
8.218782645979646473e-01,-3.831336838891055696e-01,-3.831336838891056806e-01,1.758785908533612996e-01
8.218782645979642032e-01,-3.288951799491940942e-01,-3.288951799491943162e-01,3.288951799491945938e-01
5.887331645444506822e-01,-3.334794823253371399e-01,-3.334794823253373619e-01,6.564877231917798373e-01
2.360106963723030138e-01,-3.074176118949226155e-01,-3.074176118949228376e-01,8.690729399719600012e-01
2.360106963723032081e-01,-3.499500597515113332e-01,-1.606455552364331185e-01,-8.922034030760879197e-01
5.887331645444509043e-01,-3.816342188521961165e-01,-1.751902572277492243e-01,-6.906930995304829679e-01
8.218782645979646473e-01,-3.831336838891055141e-01,-1.758785908533612719e-01,-3.831336838891056251e-01
8.218782645979646473e-01,-5.094711665146831603e-01,-1.802154941613042793e-01,-1.802154941613044459e-01
8.218782645979646473e-01,-5.279505427444318721e-01,-2.139727613442841681e-01,0.000000000000000000e+00
8.218782645979646473e-01,-5.094711665146831603e-01,-1.802154941613042793e-01,1.802154941613044459e-01
8.218782645979644252e-01,-3.831336838891056806e-01,-1.758785908533613829e-01,3.831336838891059582e-01
5.887331645444509043e-01,-3.816342188521961165e-01,-1.751902572277492243e-01,6.906930995304829679e-01
2.360106963723032081e-01,-3.499500597515113332e-01,-1.606455552364331185e-01,8.922034030760879197e-01
2.360106963723029860e-01,-3.650018862648163886e-01,0.000000000000000000e+00,-9.005956774385421859e-01
5.887331645444506822e-01,-3.987964037310092746e-01,0.000000000000000000e+00,-7.031036120919096355e-01
8.218782645979644252e-01,-4.028126848681892191e-01,0.000000000000000000e+00,-4.028126848681893302e-01
8.218782645979646473e-01,-5.279505427444318721e-01,0.000000000000000000e+00,-2.139727613442841681e-01
8.218782645979646473e-01,-5.696631620365127935e-01,0.000000000000000000e+00,9.146755237495682191e-16
8.218782645979646473e-01,-5.279505427444318721e-01,0.000000000000000000e+00,2.139727613442841681e-01
8.218782645979643142e-01,-4.028126848681893302e-01,0.000000000000000000e+00,4.028126848681896077e-01
5.887331645444506822e-01,-3.987964037310092746e-01,0.000000000000000000e+00,7.031036120919096355e-01
2.360106963723029860e-01,-3.650018862648163886e-01,0.000000000000000000e+00,9.005956774385421859e-01
2.360106963723032081e-01,-3.499500597515113332e-01,1.606455552364331185e-01,-8.922034030760879197e-01
5.887331645444509043e-01,-3.816342188521961165e-01,1.751902572277492243e-01,-6.906930995304829679e-01
8.218782645979646473e-01,-3.831336838891055141e-01,1.758785908533612719e-01,-3.831336838891056251e-01
8.218782645979646473e-01,-5.094711665146831603e-01,1.802154941613042793e-01,-1.802154941613044459e-01
8.218782645979646473e-01,-5.279505427444318721e-01,2.139727613442841681e-01,0.000000000000000000e+00
8.218782645979646473e-01,-5.094711665146831603e-01,1.802154941613042793e-01,1.802154941613044459e-01
8.218782645979644252e-01,-3.831336838891056806e-01,1.758785908533613829e-01,3.831336838891059582e-01
5.887331645444509043e-01,-3.816342188521961165e-01,1.751902572277492243e-01,6.906930995304829679e-01
2.360106963723032081e-01,-3.499500597515113332e-01,1.606455552364331185e-01,8.922034030760879197e-01
2.360106963723030138e-01,-3.074176118949226710e-01,3.074176118949228931e-01,-8.690729399719600012e-01
5.887331645444507933e-01,-3.334794823253371399e-01,3.334794823253374729e-01,-6.564877231917798373e-01
8.218782645979642032e-01,-3.288951799491940942e-01,3.288951799491945938e-01,-3.288951799491943162e-01
8.218782645979644252e-01,-3.831336838891056806e-01,3.831336838891059582e-01,-1.758785908533613829e-01
8.218782645979643142e-01,-4.028126848681893302e-01,4.028126848681896077e-01,0.000000000000000000e+00
8.218782645979644252e-01,-3.831336838891056806e-01,3.831336838891059582e-01,1.758785908533613829e-01
8.218782645979643142e-01,-3.288951799491940386e-01,3.288951799491943717e-01,3.288951799491944827e-01
5.887331645444507933e-01,-3.334794823253371399e-01,3.334794823253374729e-01,6.564877231917798373e-01
2.360106963723030138e-01,-3.074176118949226710e-01,3.074176118949228931e-01,8.690729399719600012e-01
2.360106963723026252e-01,-3.082476073277626849e-01,4.929545548243100539e-01,-7.786386650125567410e-01
5.887331645444507933e-01,-3.268809713434314701e-01,5.227533316675521124e-01,-5.227533316675523345e-01
5.887331645444506822e-01,-3.334794823253371399e-01,6.564877231917798373e-01,-3.334794823253373619e-01
5.887331645444509043e-01,-3.816342188521961165e-01,6.906930995304829679e-01,-1.751902572277492243e-01
5.887331645444506822e-01,-3.987964037310092746e-01,7.031036120919096355e-01,0.000000000000000000e+00
5.887331645444509043e-01,-3.816342188521961165e-01,6.906930995304829679e-01,1.751902572277492243e-01
5.887331645444507933e-01,-3.334794823253371399e-01,6.564877231917798373e-01,3.334794823253374729e-01
5.887331645444507933e-01,-3.268809713434314701e-01,5.227533316675521124e-01,5.227533316675523345e-01
2.360106963723026252e-01,-3.082476073277626849e-01,4.929545548243100539e-01,7.786386650125567410e-01
2.360106963723027640e-01,-3.000195773133139676e-01,6.535622405045294903e-01,-6.535622405045297123e-01
2.360106963723026530e-01,-3.082476073277627404e-01,7.786386650125567410e-01,-4.929545548243101094e-01
2.360106963723030138e-01,-3.074176118949226155e-01,8.690729399719600012e-01,-3.074176118949228376e-01
2.360106963723032081e-01,-3.499500597515113332e-01,8.922034030760879197e-01,-1.606455552364331185e-01
2.360106963723029860e-01,-3.650018862648163886e-01,9.005956774385421859e-01,0.000000000000000000e+00
2.360106963723032081e-01,-3.499500597515113332e-01,8.922034030760879197e-01,1.606455552364331185e-01
2.360106963723027917e-01,-3.074176118949226710e-01,8.690729399719600012e-01,3.074176118949228931e-01
2.360106963723026530e-01,-3.082476073277627404e-01,7.786386650125567410e-01,4.929545548243101094e-01
2.360106963723027640e-01,-3.000195773133139676e-01,6.535622405045294903e-01,6.535622405045297123e-01
2.360106963723036244e-01,-1.526475623477530630e-01,-6.786006457803990255e-01,-6.786006457803990255e-01
2.360106963723029860e-01,-1.579000130208696728e-01,-8.031578320336715260e-01,-5.237404260975492276e-01
2.360106963723030138e-01,-1.606455552364331740e-01,-8.922034030760880308e-01,-3.499500597515114442e-01
2.360106963723032081e-01,-1.568909576045967313e-01,-9.460810779429454920e-01,-1.568909576045968146e-01
2.360106963723032358e-01,-1.850835142551594537e-01,-9.539617623095910659e-01,0.000000000000000000e+00
2.360106963723032081e-01,-1.568909576045967313e-01,-9.460810779429454920e-01,1.568909576045968146e-01
2.360106963723030138e-01,-1.606455552364331740e-01,-8.922034030760880308e-01,3.499500597515115552e-01
2.360106963723029860e-01,-1.579000130208696728e-01,-8.031578320336715260e-01,5.237404260975492276e-01
2.360106963723036244e-01,-1.526475623477530630e-01,-6.786006457803990255e-01,6.786006457803990255e-01
2.360106963723029860e-01,-1.579000130208696728e-01,-5.237404260975492276e-01,-8.031578320336715260e-01
5.887331645444509043e-01,-1.685339706257969472e-01,-5.590123262105136659e-01,-5.590123262105137769e-01
5.887331645444509043e-01,-1.751902572277492243e-01,-6.906930995304829679e-01,-3.816342188521961165e-01
5.887331645444507933e-01,-1.730999012394654202e-01,-7.703675157658527173e-01,-1.730999012394655590e-01
5.887331645444509043e-01,-2.045376573787784924e-01,-7.820214879908850003e-01,0.000000000000000000e+00
5.887331645444507933e-01,-1.730999012394654202e-01,-7.703675157658527173e-01,1.730999012394655590e-01
5.887331645444509043e-01,-1.751902572277492798e-01,-6.906930995304828569e-01,3.816342188521963941e-01
5.887331645444509043e-01,-1.685339706257969472e-01,-5.590123262105136659e-01,5.590123262105137769e-01
2.360106963723029860e-01,-1.579000130208696728e-01,-5.237404260975492276e-01,8.031578320336715260e-01
2.360106963723032081e-01,-1.606455552364331185e-01,-3.499500597515113332e-01,-8.922034030760879197e-01
5.887331645444509043e-01,-1.751902572277492243e-01,-3.816342188521961165e-01,-6.906930995304829679e-01
8.218782645979646473e-01,-1.758785908533612719e-01,-3.831336838891055141e-01,-3.831336838891056251e-01
8.218782645979646473e-01,-1.802154941613042793e-01,-5.094711665146831603e-01,-1.802154941613044459e-01
8.218782645979646473e-01,-2.139727613442841681e-01,-5.279505427444318721e-01,0.000000000000000000e+00
8.218782645979646473e-01,-1.802154941613042793e-01,-5.094711665146831603e-01,1.802154941613044459e-01
8.218782645979644252e-01,-1.758785908533613829e-01,-3.831336838891056806e-01,3.831336838891059582e-01
5.887331645444509043e-01,-1.751902572277492243e-01,-3.816342188521961165e-01,6.906930995304829679e-01
2.360106963723032081e-01,-1.606455552364331185e-01,-3.499500597515113332e-01,8.922034030760879197e-01
2.360106963723032081e-01,-1.568909576045967313e-01,-1.568909576045968146e-01,-9.460810779429454920e-01
5.887331645444507933e-01,-1.730999012394654202e-01,-1.730999012394655590e-01,-7.703675157658527173e-01
8.218782645979646473e-01,-1.802154941613042793e-01,-1.802154941613044459e-01,-5.094711665146831603e-01
9.560856230818365331e-01,-1.692141457209538069e-01,-1.692141457209539179e-01,-1.692141457209539457e-01
9.560856230818364221e-01,-2.072441571386471892e-01,-2.072441571386472448e-01,0.000000000000000000e+00
9.560856230818365331e-01,-1.692141457209538069e-01,-1.692141457209539179e-01,1.692141457209539457e-01
8.218782645979644252e-01,-1.802154941613043071e-01,-1.802154941613044181e-01,5.094711665146832713e-01
5.887331645444507933e-01,-1.730999012394654202e-01,-1.730999012394655590e-01,7.703675157658527173e-01
2.360106963723032081e-01,-1.568909576045967313e-01,-1.568909576045968146e-01,9.460810779429454920e-01
2.360106963723032358e-01,-1.850835142551594537e-01,0.000000000000000000e+00,-9.539617623095910659e-01
5.887331645444509043e-01,-2.045376573787784924e-01,0.000000000000000000e+00,-7.820214879908850003e-01
8.218782645979646473e-01,-2.139727613442841681e-01,0.000000000000000000e+00,-5.279505427444318721e-01
9.560856230818364221e-01,-2.072441571386471892e-01,0.000000000000000000e+00,-2.072441571386472448e-01
9.560856230818365331e-01,-2.930874977480554255e-01,0.000000000000000000e+00,9.411876293660371088e-16
9.560856230818364221e-01,-2.072441571386471892e-01,0.000000000000000000e+00,2.072441571386472448e-01
8.218782645979644252e-01,-2.139727613442841958e-01,0.000000000000000000e+00,5.279505427444320942e-01
5.887331645444509043e-01,-2.045376573787784924e-01,0.000000000000000000e+00,7.820214879908850003e-01
2.360106963723032358e-01,-1.850835142551594537e-01,0.000000000000000000e+00,9.539617623095910659e-01
2.360106963723032081e-01,-1.568909576045967313e-01,1.568909576045968146e-01,-9.460810779429454920e-01
5.887331645444507933e-01,-1.730999012394654202e-01,1.730999012394655590e-01,-7.703675157658527173e-01
8.218782645979646473e-01,-1.802154941613042793e-01,1.802154941613044459e-01,-5.094711665146831603e-01
9.560856230818365331e-01,-1.692141457209538069e-01,1.692141457209539179e-01,-1.692141457209539457e-01
9.560856230818364221e-01,-2.072441571386471892e-01,2.072441571386472448e-01,0.000000000000000000e+00
9.560856230818365331e-01,-1.692141457209538069e-01,1.692141457209539179e-01,1.692141457209539457e-01
8.218782645979644252e-01,-1.802154941613043071e-01,1.802154941613044181e-01,5.094711665146832713e-01
5.887331645444507933e-01,-1.730999012394654202e-01,1.730999012394655590e-01,7.703675157658527173e-01
2.360106963723032081e-01,-1.568909576045967313e-01,1.568909576045968146e-01,9.460810779429454920e-01
2.360106963723029860e-01,-1.606455552364331463e-01,3.499500597515114997e-01,-8.922034030760879197e-01
5.887331645444509043e-01,-1.751902572277492798e-01,3.816342188521963941e-01,-6.906930995304828569e-01
8.218782645979644252e-01,-1.758785908533613829e-01,3.831336838891059582e-01,-3.831336838891056806e-01
8.218782645979644252e-01,-1.802154941613043071e-01,5.094711665146832713e-01,-1.802154941613044181e-01
8.218782645979644252e-01,-2.139727613442841958e-01,5.279505427444320942e-01,0.000000000000000000e+00
8.218782645979644252e-01,-1.802154941613043071e-01,5.094711665146832713e-01,1.802154941613044181e-01
8.218782645979644252e-01,-1.758785908533612996e-01,3.831336838891055696e-01,3.831336838891057361e-01
5.887331645444509043e-01,-1.751902572277492798e-01,3.816342188521963941e-01,6.906930995304828569e-01
2.360106963723029860e-01,-1.606455552364331463e-01,3.499500597515114997e-01,8.922034030760879197e-01
2.360106963723029860e-01,-1.579000130208696728e-01,5.237404260975492276e-01,-8.031578320336715260e-01
5.887331645444509043e-01,-1.685339706257969472e-01,5.590123262105136659e-01,-5.590123262105137769e-01
5.887331645444509043e-01,-1.751902572277492243e-01,6.906930995304829679e-01,-3.816342188521961165e-01
5.887331645444507933e-01,-1.730999012394654202e-01,7.703675157658527173e-01,-1.730999012394655590e-01
5.887331645444509043e-01,-2.045376573787784924e-01,7.820214879908850003e-01,0.000000000000000000e+00
5.887331645444507933e-01,-1.730999012394654202e-01,7.703675157658527173e-01,1.730999012394655590e-01
5.887331645444509043e-01,-1.751902572277492798e-01,6.906930995304828569e-01,3.816342188521963941e-01
5.887331645444509043e-01,-1.685339706257969472e-01,5.590123262105136659e-01,5.590123262105137769e-01
2.360106963723029860e-01,-1.579000130208696728e-01,5.237404260975492276e-01,8.031578320336715260e-01
2.360106963723036244e-01,-1.526475623477530630e-01,6.786006457803990255e-01,-6.786006457803990255e-01
2.360106963723029860e-01,-1.579000130208696728e-01,8.031578320336715260e-01,-5.237404260975492276e-01
2.360106963723030138e-01,-1.606455552364331740e-01,8.922034030760880308e-01,-3.499500597515114442e-01
2.360106963723032081e-01,-1.568909576045967313e-01,9.460810779429454920e-01,-1.568909576045968146e-01
2.360106963723032358e-01,-1.850835142551594537e-01,9.539617623095910659e-01,0.000000000000000000e+00
2.360106963723032081e-01,-1.568909576045967313e-01,9.460810779429454920e-01,1.568909576045968146e-01
2.360106963723030138e-01,-1.606455552364331740e-01,8.922034030760880308e-01,3.499500597515115552e-01
2.360106963723029860e-01,-1.579000130208696728e-01,8.031578320336715260e-01,5.237404260975492276e-01
2.360106963723036244e-01,-1.526475623477530630e-01,6.786006457803990255e-01,6.786006457803990255e-01
2.360106963723025975e-01,0.000000000000000000e+00,-6.871313379543464439e-01,-6.871313379543466660e-01
2.360106963723025975e-01,0.000000000000000000e+00,-8.116522026534607193e-01,-5.343403906927178815e-01
2.360106963723029860e-01,0.000000000000000000e+00,-9.005956774385421859e-01,-3.650018862648163886e-01
2.360106963723032358e-01,0.000000000000000000e+00,-9.539617623095910659e-01,-1.850835142551594537e-01
2.360106963723029860e-01,0.000000000000000000e+00,-9.717504572666074703e-01,7.801420362839313924e-16
2.360106963723032358e-01,0.000000000000000000e+00,-9.539617623095910659e-01,1.850835142551594537e-01
2.360106963723029860e-01,0.000000000000000000e+00,-9.005956774385421859e-01,3.650018862648164997e-01
2.360106963723025975e-01,0.000000000000000000e+00,-8.116522026534607193e-01,5.343403906927178815e-01
2.360106963723025975e-01,0.000000000000000000e+00,-6.871313379543464439e-01,6.871313379543466660e-01
2.360106963723026252e-01,0.000000000000000000e+00,-5.343403906927178815e-01,-8.116522026534608303e-01
5.887331645444504602e-01,0.000000000000000000e+00,-5.715738189269506941e-01,-5.715738189269506941e-01
5.887331645444507933e-01,0.000000000000000000e+00,-7.031036120919097465e-01,-3.987964037310093302e-01
5.887331645444510153e-01,0.000000000000000000e+00,-7.820214879908851113e-01,-2.045376573787785202e-01
5.887331645444509043e-01,0.000000000000000000e+00,-8.083274466238768996e-01,8.652567340071470391e-16
5.887331645444510153e-01,0.000000000000000000e+00,-7.820214879908851113e-01,2.045376573787785202e-01
5.887331645444509043e-01,0.000000000000000000e+00,-7.031036120919096355e-01,3.987964037310094412e-01
5.887331645444504602e-01,0.000000000000000000e+00,-5.715738189269506941e-01,5.715738189269506941e-01
2.360106963723026252e-01,0.000000000000000000e+00,-5.343403906927178815e-01,8.116522026534608303e-01
2.360106963723029860e-01,0.000000000000000000e+00,-3.650018862648163886e-01,-9.005956774385421859e-01
5.887331645444506822e-01,0.000000000000000000e+00,-3.987964037310092746e-01,-7.031036120919096355e-01
8.218782645979644252e-01,0.000000000000000000e+00,-4.028126848681892191e-01,-4.028126848681893302e-01
8.218782645979646473e-01,0.000000000000000000e+00,-5.279505427444318721e-01,-2.139727613442841681e-01
8.218782645979646473e-01,0.000000000000000000e+00,-5.696631620365127935e-01,9.146755237495682191e-16
8.218782645979646473e-01,0.000000000000000000e+00,-5.279505427444318721e-01,2.139727613442841681e-01
8.218782645979643142e-01,0.000000000000000000e+00,-4.028126848681893302e-01,4.028126848681896077e-01
5.887331645444506822e-01,0.000000000000000000e+00,-3.987964037310092746e-01,7.031036120919096355e-01
2.360106963723029860e-01,0.000000000000000000e+00,-3.650018862648163886e-01,9.005956774385421859e-01
2.360106963723032358e-01,0.000000000000000000e+00,-1.850835142551594537e-01,-9.539617623095910659e-01
5.887331645444509043e-01,0.000000000000000000e+00,-2.045376573787784924e-01,-7.820214879908850003e-01
8.218782645979646473e-01,0.000000000000000000e+00,-2.139727613442841681e-01,-5.279505427444318721e-01
9.560856230818364221e-01,0.000000000000000000e+00,-2.072441571386471892e-01,-2.072441571386472448e-01
9.560856230818365331e-01,0.000000000000000000e+00,-2.930874977480554255e-01,9.411876293660371088e-16
9.560856230818364221e-01,0.000000000000000000e+00,-2.072441571386471892e-01,2.072441571386472448e-01
8.218782645979644252e-01,0.000000000000000000e+00,-2.139727613442841958e-01,5.279505427444320942e-01
5.887331645444509043e-01,0.000000000000000000e+00,-2.045376573787784924e-01,7.820214879908850003e-01
2.360106963723032358e-01,0.000000000000000000e+00,-1.850835142551594537e-01,9.539617623095910659e-01
2.360106963723029860e-01,0.000000000000000000e+00,7.801420362839313924e-16,-9.717504572666074703e-01
5.887331645444509043e-01,0.000000000000000000e+00,8.652567340071470391e-16,-8.083274466238768996e-01
8.218782645979646473e-01,0.000000000000000000e+00,9.146755237495682191e-16,-5.696631620365127935e-01
9.560856230818365331e-01,0.000000000000000000e+00,9.411876293660371088e-16,-2.930874977480554255e-01
1.000000000000000000e+00,0.000000000000000000e+00,0.000000000000000000e+00,0.000000000000000000e+00
9.560856230818365331e-01,0.000000000000000000e+00,9.411876293660371088e-16,2.930874977480554255e-01
8.218782645979646473e-01,0.000000000000000000e+00,9.146755237495682191e-16,5.696631620365127935e-01
5.887331645444509043e-01,0.000000000000000000e+00,8.652567340071470391e-16,8.083274466238768996e-01
2.360106963723029860e-01,0.000000000000000000e+00,7.801420362839313924e-16,9.717504572666074703e-01
2.360106963723032358e-01,0.000000000000000000e+00,1.850835142551594537e-01,-9.539617623095910659e-01
5.887331645444509043e-01,0.000000000000000000e+00,2.045376573787784924e-01,-7.820214879908850003e-01
8.218782645979646473e-01,0.000000000000000000e+00,2.139727613442841681e-01,-5.279505427444318721e-01
9.560856230818364221e-01,0.000000000000000000e+00,2.072441571386471892e-01,-2.072441571386472448e-01
9.560856230818365331e-01,0.000000000000000000e+00,2.930874977480554255e-01,9.411876293660371088e-16
9.560856230818364221e-01,0.000000000000000000e+00,2.072441571386471892e-01,2.072441571386472448e-01
8.218782645979644252e-01,0.000000000000000000e+00,2.139727613442841958e-01,5.279505427444320942e-01
5.887331645444509043e-01,0.000000000000000000e+00,2.045376573787784924e-01,7.820214879908850003e-01
2.360106963723032358e-01,0.000000000000000000e+00,1.850835142551594537e-01,9.539617623095910659e-01
2.360106963723029860e-01,0.000000000000000000e+00,3.650018862648164997e-01,-9.005956774385421859e-01
5.887331645444507933e-01,0.000000000000000000e+00,3.987964037310093857e-01,-7.031036120919095245e-01
8.218782645979643142e-01,0.000000000000000000e+00,4.028126848681896077e-01,-4.028126848681893302e-01
8.218782645979644252e-01,0.000000000000000000e+00,5.279505427444320942e-01,-2.139727613442841958e-01
8.218782645979646473e-01,0.000000000000000000e+00,5.696631620365127935e-01,9.146755237495682191e-16
8.218782645979644252e-01,0.000000000000000000e+00,5.279505427444320942e-01,2.139727613442841958e-01
8.218782645979643142e-01,0.000000000000000000e+00,4.028126848681894967e-01,4.028126848681895522e-01
5.887331645444507933e-01,0.000000000000000000e+00,3.987964037310093857e-01,7.031036120919095245e-01
2.360106963723029860e-01,0.000000000000000000e+00,3.650018862648164997e-01,9.005956774385421859e-01
2.360106963723026252e-01,0.000000000000000000e+00,5.343403906927178815e-01,-8.116522026534608303e-01
5.887331645444504602e-01,0.000000000000000000e+00,5.715738189269506941e-01,-5.715738189269506941e-01
5.887331645444507933e-01,0.000000000000000000e+00,7.031036120919097465e-01,-3.987964037310093302e-01
5.887331645444510153e-01,0.000000000000000000e+00,7.820214879908851113e-01,-2.045376573787785202e-01
5.887331645444509043e-01,0.000000000000000000e+00,8.083274466238768996e-01,8.652567340071470391e-16
5.887331645444510153e-01,0.000000000000000000e+00,7.820214879908851113e-01,2.045376573787785202e-01
5.887331645444509043e-01,0.000000000000000000e+00,7.031036120919096355e-01,3.987964037310094412e-01
5.887331645444504602e-01,0.000000000000000000e+00,5.715738189269506941e-01,5.715738189269506941e-01
2.360106963723026252e-01,0.000000000000000000e+00,5.343403906927178815e-01,8.116522026534608303e-01
2.360106963723025975e-01,0.000000000000000000e+00,6.871313379543464439e-01,-6.871313379543466660e-01
2.360106963723025975e-01,0.000000000000000000e+00,8.116522026534607193e-01,-5.343403906927178815e-01
2.360106963723029860e-01,0.000000000000000000e+00,9.005956774385421859e-01,-3.650018862648163886e-01
2.360106963723032358e-01,0.000000000000000000e+00,9.539617623095910659e-01,-1.850835142551594537e-01
2.360106963723029860e-01,0.000000000000000000e+00,9.717504572666074703e-01,7.801420362839313924e-16
2.360106963723032358e-01,0.000000000000000000e+00,9.539617623095910659e-01,1.850835142551594537e-01
2.360106963723029860e-01,0.000000000000000000e+00,9.005956774385421859e-01,3.650018862648164997e-01
2.360106963723025975e-01,0.000000000000000000e+00,8.116522026534607193e-01,5.343403906927178815e-01
2.360106963723025975e-01,0.000000000000000000e+00,6.871313379543464439e-01,6.871313379543466660e-01
2.360106963723036244e-01,1.526475623477530630e-01,-6.786006457803990255e-01,-6.786006457803990255e-01
2.360106963723029860e-01,1.579000130208696728e-01,-8.031578320336715260e-01,-5.237404260975492276e-01
2.360106963723030138e-01,1.606455552364331740e-01,-8.922034030760880308e-01,-3.499500597515114442e-01
2.360106963723032081e-01,1.568909576045967313e-01,-9.460810779429454920e-01,-1.568909576045968146e-01
2.360106963723032358e-01,1.850835142551594537e-01,-9.539617623095910659e-01,0.000000000000000000e+00
2.360106963723032081e-01,1.568909576045967313e-01,-9.460810779429454920e-01,1.568909576045968146e-01
2.360106963723030138e-01,1.606455552364331740e-01,-8.922034030760880308e-01,3.499500597515115552e-01
2.360106963723029860e-01,1.579000130208696728e-01,-8.031578320336715260e-01,5.237404260975492276e-01
2.360106963723036244e-01,1.526475623477530630e-01,-6.786006457803990255e-01,6.786006457803990255e-01
2.360106963723029860e-01,1.579000130208696728e-01,-5.237404260975492276e-01,-8.031578320336715260e-01
5.887331645444509043e-01,1.685339706257969472e-01,-5.590123262105136659e-01,-5.590123262105137769e-01
5.887331645444509043e-01,1.751902572277492243e-01,-6.906930995304829679e-01,-3.816342188521961165e-01
5.887331645444507933e-01,1.730999012394654202e-01,-7.703675157658527173e-01,-1.730999012394655590e-01
5.887331645444509043e-01,2.045376573787784924e-01,-7.820214879908850003e-01,0.000000000000000000e+00
5.887331645444507933e-01,1.730999012394654202e-01,-7.703675157658527173e-01,1.730999012394655590e-01
5.887331645444509043e-01,1.751902572277492798e-01,-6.906930995304828569e-01,3.816342188521963941e-01
5.887331645444509043e-01,1.685339706257969472e-01,-5.590123262105136659e-01,5.590123262105137769e-01
2.360106963723029860e-01,1.579000130208696728e-01,-5.237404260975492276e-01,8.031578320336715260e-01
2.360106963723032081e-01,1.606455552364331185e-01,-3.499500597515113332e-01,-8.922034030760879197e-01
5.887331645444509043e-01,1.751902572277492243e-01,-3.816342188521961165e-01,-6.906930995304829679e-01
8.218782645979646473e-01,1.758785908533612719e-01,-3.831336838891055141e-01,-3.831336838891056251e-01
8.218782645979646473e-01,1.802154941613042793e-01,-5.094711665146831603e-01,-1.802154941613044459e-01
8.218782645979646473e-01,2.139727613442841681e-01,-5.279505427444318721e-01,0.000000000000000000e+00
8.218782645979646473e-01,1.802154941613042793e-01,-5.094711665146831603e-01,1.802154941613044459e-01
8.218782645979644252e-01,1.758785908533613829e-01,-3.831336838891056806e-01,3.831336838891059582e-01
5.887331645444509043e-01,1.751902572277492243e-01,-3.816342188521961165e-01,6.906930995304829679e-01
2.360106963723032081e-01,1.606455552364331185e-01,-3.499500597515113332e-01,8.922034030760879197e-01
2.360106963723032081e-01,1.568909576045967313e-01,-1.568909576045968146e-01,-9.460810779429454920e-01
5.887331645444507933e-01,1.730999012394654202e-01,-1.730999012394655590e-01,-7.703675157658527173e-01
8.218782645979646473e-01,1.802154941613042793e-01,-1.802154941613044459e-01,-5.094711665146831603e-01
9.560856230818365331e-01,1.692141457209538069e-01,-1.692141457209539179e-01,-1.692141457209539457e-01
9.560856230818364221e-01,2.072441571386471892e-01,-2.072441571386472448e-01,0.000000000000000000e+00
9.560856230818365331e-01,1.692141457209538069e-01,-1.692141457209539179e-01,1.692141457209539457e-01
8.218782645979644252e-01,1.802154941613043071e-01,-1.802154941613044181e-01,5.094711665146832713e-01
5.887331645444507933e-01,1.730999012394654202e-01,-1.730999012394655590e-01,7.703675157658527173e-01
2.360106963723032081e-01,1.568909576045967313e-01,-1.568909576045968146e-01,9.460810779429454920e-01
2.360106963723032358e-01,1.850835142551594537e-01,0.000000000000000000e+00,-9.539617623095910659e-01
5.887331645444509043e-01,2.045376573787784924e-01,0.000000000000000000e+00,-7.820214879908850003e-01
8.218782645979646473e-01,2.139727613442841681e-01,0.000000000000000000e+00,-5.279505427444318721e-01
9.560856230818364221e-01,2.072441571386471892e-01,0.000000000000000000e+00,-2.072441571386472448e-01
9.560856230818365331e-01,2.930874977480554255e-01,0.000000000000000000e+00,9.411876293660371088e-16
9.560856230818364221e-01,2.072441571386471892e-01,0.000000000000000000e+00,2.072441571386472448e-01
8.218782645979644252e-01,2.139727613442841958e-01,0.000000000000000000e+00,5.279505427444320942e-01
5.887331645444509043e-01,2.045376573787784924e-01,0.000000000000000000e+00,7.820214879908850003e-01
2.360106963723032358e-01,1.850835142551594537e-01,0.000000000000000000e+00,9.539617623095910659e-01
2.360106963723032081e-01,1.568909576045967313e-01,1.568909576045968146e-01,-9.460810779429454920e-01
5.887331645444507933e-01,1.730999012394654202e-01,1.730999012394655590e-01,-7.703675157658527173e-01
8.218782645979646473e-01,1.802154941613042793e-01,1.802154941613044459e-01,-5.094711665146831603e-01
9.560856230818365331e-01,1.692141457209538069e-01,1.692141457209539179e-01,-1.692141457209539457e-01
9.560856230818364221e-01,2.072441571386471892e-01,2.072441571386472448e-01,0.000000000000000000e+00
9.560856230818365331e-01,1.692141457209538069e-01,1.692141457209539179e-01,1.692141457209539457e-01
8.218782645979644252e-01,1.802154941613043071e-01,1.802154941613044181e-01,5.094711665146832713e-01
5.887331645444507933e-01,1.730999012394654202e-01,1.730999012394655590e-01,7.703675157658527173e-01
2.360106963723032081e-01,1.568909576045967313e-01,1.568909576045968146e-01,9.460810779429454920e-01
2.360106963723029860e-01,1.606455552364331463e-01,3.499500597515114997e-01,-8.922034030760879197e-01
5.887331645444509043e-01,1.751902572277492798e-01,3.816342188521963941e-01,-6.906930995304828569e-01
8.218782645979644252e-01,1.758785908533613829e-01,3.831336838891059582e-01,-3.831336838891056806e-01
8.218782645979644252e-01,1.802154941613043071e-01,5.094711665146832713e-01,-1.802154941613044181e-01
8.218782645979644252e-01,2.139727613442841958e-01,5.279505427444320942e-01,0.000000000000000000e+00
8.218782645979644252e-01,1.802154941613043071e-01,5.094711665146832713e-01,1.802154941613044181e-01
8.218782645979644252e-01,1.758785908533612996e-01,3.831336838891055696e-01,3.831336838891057361e-01
5.887331645444509043e-01,1.751902572277492798e-01,3.816342188521963941e-01,6.906930995304828569e-01
2.360106963723029860e-01,1.606455552364331463e-01,3.499500597515114997e-01,8.922034030760879197e-01
2.360106963723029860e-01,1.579000130208696728e-01,5.237404260975492276e-01,-8.031578320336715260e-01
5.887331645444509043e-01,1.685339706257969472e-01,5.590123262105136659e-01,-5.590123262105137769e-01
5.887331645444509043e-01,1.751902572277492243e-01,6.906930995304829679e-01,-3.816342188521961165e-01
5.887331645444507933e-01,1.730999012394654202e-01,7.703675157658527173e-01,-1.730999012394655590e-01
5.887331645444509043e-01,2.045376573787784924e-01,7.820214879908850003e-01,0.000000000000000000e+00
5.887331645444507933e-01,1.730999012394654202e-01,7.703675157658527173e-01,1.730999012394655590e-01
5.887331645444509043e-01,1.751902572277492798e-01,6.906930995304828569e-01,3.816342188521963941e-01
5.887331645444509043e-01,1.685339706257969472e-01,5.590123262105136659e-01,5.590123262105137769e-01
2.360106963723029860e-01,1.579000130208696728e-01,5.237404260975492276e-01,8.031578320336715260e-01
2.360106963723036244e-01,1.526475623477530630e-01,6.786006457803990255e-01,-6.786006457803990255e-01
2.360106963723029860e-01,1.579000130208696728e-01,8.031578320336715260e-01,-5.237404260975492276e-01
2.360106963723030138e-01,1.606455552364331740e-01,8.922034030760880308e-01,-3.499500597515114442e-01
2.360106963723032081e-01,1.568909576045967313e-01,9.460810779429454920e-01,-1.568909576045968146e-01
2.360106963723032358e-01,1.850835142551594537e-01,9.539617623095910659e-01,0.000000000000000000e+00
2.360106963723032081e-01,1.568909576045967313e-01,9.460810779429454920e-01,1.568909576045968146e-01
2.360106963723030138e-01,1.606455552364331740e-01,8.922034030760880308e-01,3.499500597515115552e-01
2.360106963723029860e-01,1.579000130208696728e-01,8.031578320336715260e-01,5.237404260975492276e-01
2.360106963723036244e-01,1.526475623477530630e-01,6.786006457803990255e-01,6.786006457803990255e-01
2.360106963723027640e-01,3.000195773133140231e-01,-6.535622405045294903e-01,-6.535622405045297123e-01
2.360106963723026252e-01,3.082476073277627404e-01,-7.786386650125567410e-01,-4.929545548243100539e-01
2.360106963723028195e-01,3.074176118949228931e-01,-8.690729399719601123e-01,-3.074176118949226710e-01
2.360106963723029860e-01,3.499500597515114997e-01,-8.922034030760879197e-01,-1.606455552364331463e-01
2.360106963723029860e-01,3.650018862648164997e-01,-9.005956774385421859e-01,0.000000000000000000e+00
2.360106963723029860e-01,3.499500597515114997e-01,-8.922034030760879197e-01,1.606455552364331463e-01
2.360106963723027917e-01,3.074176118949228376e-01,-8.690729399719600012e-01,3.074176118949228931e-01
2.360106963723026252e-01,3.082476073277627404e-01,-7.786386650125567410e-01,4.929545548243100539e-01
2.360106963723027640e-01,3.000195773133140231e-01,-6.535622405045294903e-01,6.535622405045297123e-01
2.360106963723026252e-01,3.082476073277627404e-01,-4.929545548243100539e-01,-7.786386650125567410e-01
5.887331645444506822e-01,3.268809713434315256e-01,-5.227533316675520014e-01,-5.227533316675522235e-01
5.887331645444507933e-01,3.334794823253374729e-01,-6.564877231917798373e-01,-3.334794823253371399e-01
5.887331645444509043e-01,3.816342188521963941e-01,-6.906930995304828569e-01,-1.751902572277492798e-01
5.887331645444507933e-01,3.987964037310093857e-01,-7.031036120919095245e-01,0.000000000000000000e+00
5.887331645444509043e-01,3.816342188521963941e-01,-6.906930995304828569e-01,1.751902572277492798e-01
5.887331645444507933e-01,3.334794823253373064e-01,-6.564877231917798373e-01,3.334794823253374174e-01
5.887331645444506822e-01,3.268809713434315256e-01,-5.227533316675520014e-01,5.227533316675522235e-01
2.360106963723026252e-01,3.082476073277627404e-01,-4.929545548243100539e-01,7.786386650125567410e-01
2.360106963723030138e-01,3.074176118949228931e-01,-3.074176118949226710e-01,-8.690729399719600012e-01
5.887331645444507933e-01,3.334794823253374729e-01,-3.334794823253371399e-01,-6.564877231917798373e-01
8.218782645979642032e-01,3.288951799491945938e-01,-3.288951799491940942e-01,-3.288951799491943162e-01
8.218782645979644252e-01,3.831336838891059582e-01,-3.831336838891056806e-01,-1.758785908533613829e-01
8.218782645979643142e-01,4.028126848681896077e-01,-4.028126848681893302e-01,0.000000000000000000e+00
8.218782645979644252e-01,3.831336838891059582e-01,-3.831336838891056806e-01,1.758785908533613829e-01
8.218782645979643142e-01,3.288951799491943717e-01,-3.288951799491940386e-01,3.288951799491944827e-01
5.887331645444507933e-01,3.334794823253374729e-01,-3.334794823253371399e-01,6.564877231917798373e-01
2.360106963723030138e-01,3.074176118949228931e-01,-3.074176118949226710e-01,8.690729399719600012e-01
2.360106963723029860e-01,3.499500597515114997e-01,-1.606455552364331463e-01,-8.922034030760879197e-01
5.887331645444509043e-01,3.816342188521963941e-01,-1.751902572277492798e-01,-6.906930995304828569e-01
8.218782645979644252e-01,3.831336838891059582e-01,-1.758785908533613829e-01,-3.831336838891056806e-01
8.218782645979644252e-01,5.094711665146832713e-01,-1.802154941613043071e-01,-1.802154941613044181e-01
8.218782645979644252e-01,5.279505427444320942e-01,-2.139727613442841958e-01,0.000000000000000000e+00
8.218782645979644252e-01,5.094711665146832713e-01,-1.802154941613043071e-01,1.802154941613044181e-01
8.218782645979644252e-01,3.831336838891055696e-01,-1.758785908533612996e-01,3.831336838891057361e-01
5.887331645444509043e-01,3.816342188521963941e-01,-1.751902572277492798e-01,6.906930995304828569e-01
2.360106963723029860e-01,3.499500597515114997e-01,-1.606455552364331463e-01,8.922034030760879197e-01
2.360106963723029860e-01,3.650018862648164997e-01,0.000000000000000000e+00,-9.005956774385421859e-01
5.887331645444507933e-01,3.987964037310093857e-01,0.000000000000000000e+00,-7.031036120919095245e-01
8.218782645979643142e-01,4.028126848681896077e-01,0.000000000000000000e+00,-4.028126848681893302e-01
8.218782645979644252e-01,5.279505427444320942e-01,0.000000000000000000e+00,-2.139727613442841958e-01
8.218782645979646473e-01,5.696631620365127935e-01,0.000000000000000000e+00,9.146755237495682191e-16
8.218782645979644252e-01,5.279505427444320942e-01,0.000000000000000000e+00,2.139727613442841958e-01
8.218782645979643142e-01,4.028126848681894967e-01,0.000000000000000000e+00,4.028126848681895522e-01
5.887331645444507933e-01,3.987964037310093857e-01,0.000000000000000000e+00,7.031036120919095245e-01
2.360106963723029860e-01,3.650018862648164997e-01,0.000000000000000000e+00,9.005956774385421859e-01
2.360106963723029860e-01,3.499500597515114997e-01,1.606455552364331463e-01,-8.922034030760879197e-01
5.887331645444509043e-01,3.816342188521963941e-01,1.751902572277492798e-01,-6.906930995304828569e-01
8.218782645979644252e-01,3.831336838891059582e-01,1.758785908533613829e-01,-3.831336838891056806e-01
8.218782645979644252e-01,5.094711665146832713e-01,1.802154941613043071e-01,-1.802154941613044181e-01
8.218782645979644252e-01,5.279505427444320942e-01,2.139727613442841958e-01,0.000000000000000000e+00
8.218782645979644252e-01,5.094711665146832713e-01,1.802154941613043071e-01,1.802154941613044181e-01
8.218782645979644252e-01,3.831336838891055696e-01,1.758785908533612996e-01,3.831336838891057361e-01
5.887331645444509043e-01,3.816342188521963941e-01,1.751902572277492798e-01,6.906930995304828569e-01
2.360106963723029860e-01,3.499500597515114997e-01,1.606455552364331463e-01,8.922034030760879197e-01
2.360106963723027917e-01,3.074176118949228376e-01,3.074176118949228931e-01,-8.690729399719600012e-01
5.887331645444506822e-01,3.334794823253372509e-01,3.334794823253373619e-01,-6.564877231917797262e-01
8.218782645979643142e-01,3.288951799491943717e-01,3.288951799491944827e-01,-3.288951799491940386e-01
8.218782645979644252e-01,3.831336838891055696e-01,3.831336838891057361e-01,-1.758785908533612996e-01
8.218782645979643142e-01,4.028126848681894967e-01,4.028126848681895522e-01,0.000000000000000000e+00
8.218782645979644252e-01,3.831336838891055696e-01,3.831336838891057361e-01,1.758785908533612996e-01
8.218782645979642032e-01,3.288951799491942607e-01,3.288951799491943717e-01,3.288951799491944827e-01
5.887331645444506822e-01,3.334794823253372509e-01,3.334794823253373619e-01,6.564877231917797262e-01
2.360106963723027917e-01,3.074176118949228376e-01,3.074176118949228931e-01,8.690729399719600012e-01
2.360106963723026252e-01,3.082476073277627404e-01,4.929545548243100539e-01,-7.786386650125567410e-01
5.887331645444506822e-01,3.268809713434315256e-01,5.227533316675520014e-01,-5.227533316675522235e-01
5.887331645444507933e-01,3.334794823253374729e-01,6.564877231917798373e-01,-3.334794823253371399e-01
5.887331645444509043e-01,3.816342188521963941e-01,6.906930995304828569e-01,-1.751902572277492798e-01
5.887331645444507933e-01,3.987964037310093857e-01,7.031036120919095245e-01,0.000000000000000000e+00
5.887331645444509043e-01,3.816342188521963941e-01,6.906930995304828569e-01,1.751902572277492798e-01
5.887331645444507933e-01,3.334794823253373064e-01,6.564877231917798373e-01,3.334794823253374174e-01
5.887331645444506822e-01,3.268809713434315256e-01,5.227533316675520014e-01,5.227533316675522235e-01
2.360106963723026252e-01,3.082476073277627404e-01,4.929545548243100539e-01,7.786386650125567410e-01
2.360106963723027640e-01,3.000195773133140231e-01,6.535622405045294903e-01,-6.535622405045297123e-01
2.360106963723026252e-01,3.082476073277627404e-01,7.786386650125567410e-01,-4.929545548243100539e-01
2.360106963723028195e-01,3.074176118949228931e-01,8.690729399719601123e-01,-3.074176118949226710e-01
2.360106963723029860e-01,3.499500597515114997e-01,8.922034030760879197e-01,-1.606455552364331463e-01
2.360106963723029860e-01,3.650018862648164997e-01,9.005956774385421859e-01,0.000000000000000000e+00
2.360106963723029860e-01,3.499500597515114997e-01,8.922034030760879197e-01,1.606455552364331463e-01
2.360106963723027917e-01,3.074176118949228376e-01,8.690729399719600012e-01,3.074176118949228931e-01
2.360106963723026252e-01,3.082476073277627404e-01,7.786386650125567410e-01,4.929545548243100539e-01
2.360106963723027640e-01,3.000195773133140231e-01,6.535622405045294903e-01,6.535622405045297123e-01
2.360106963723025975e-01,4.373944145173325748e-01,-6.135898782358214509e-01,-6.135898782358217840e-01
2.360106963723025975e-01,4.447605422558896793e-01,-7.407260433536508870e-01,-4.447605422558899568e-01
2.360106963723027640e-01,4.929545548243100539e-01,-7.786386650125567410e-01,-3.082476073277626849e-01
2.360106963723030138e-01,5.237404260975493386e-01,-8.031578320336716370e-01,-1.579000130208697006e-01
2.360106963723026252e-01,5.343403906927178815e-01,-8.116522026534608303e-01,0.000000000000000000e+00
2.360106963723030138e-01,5.237404260975493386e-01,-8.031578320336716370e-01,1.579000130208697006e-01
2.360106963723027640e-01,4.929545548243100539e-01,-7.786386650125567410e-01,3.082476073277627959e-01
2.360106963723025975e-01,4.447605422558896793e-01,-7.407260433536508870e-01,4.447605422558899568e-01
2.360106963723025975e-01,4.373944145173325748e-01,-6.135898782358214509e-01,6.135898782358217840e-01
2.360106963723025975e-01,4.447605422558896793e-01,-4.447605422558899568e-01,-7.407260433536508870e-01
5.887331645444503492e-01,4.666880689016580930e-01,-4.666880689016584260e-01,-4.666880689016585926e-01
5.887331645444506822e-01,5.227533316675520014e-01,-5.227533316675522235e-01,-3.268809713434314146e-01
5.887331645444509043e-01,5.590123262105136659e-01,-5.590123262105137769e-01,-1.685339706257969472e-01
5.887331645444504602e-01,5.715738189269506941e-01,-5.715738189269506941e-01,0.000000000000000000e+00
5.887331645444509043e-01,5.590123262105136659e-01,-5.590123262105137769e-01,1.685339706257969472e-01
5.887331645444506822e-01,5.227533316675520014e-01,-5.227533316675522235e-01,3.268809713434315256e-01
5.887331645444503492e-01,4.666880689016580930e-01,-4.666880689016584260e-01,4.666880689016585926e-01
2.360106963723025975e-01,4.447605422558896793e-01,-4.447605422558899568e-01,7.407260433536508870e-01
2.360106963723026252e-01,4.929545548243100539e-01,-3.082476073277626849e-01,-7.786386650125567410e-01
5.887331645444506822e-01,5.227533316675520014e-01,-3.268809713434314146e-01,-5.227533316675522235e-01
5.887331645444506822e-01,6.564877231917798373e-01,-3.334794823253371399e-01,-3.334794823253373619e-01
5.887331645444509043e-01,6.906930995304829679e-01,-3.816342188521961165e-01,-1.751902572277492243e-01
5.887331645444507933e-01,7.031036120919097465e-01,-3.987964037310093302e-01,0.000000000000000000e+00
5.887331645444509043e-01,6.906930995304829679e-01,-3.816342188521961165e-01,1.751902572277492243e-01
5.887331645444506822e-01,6.564877231917797262e-01,-3.334794823253370843e-01,3.334794823253374174e-01
5.887331645444506822e-01,5.227533316675520014e-01,-3.268809713434314146e-01,5.227533316675522235e-01
2.360106963723026252e-01,4.929545548243100539e-01,-3.082476073277626849e-01,7.786386650125567410e-01
2.360106963723029860e-01,5.237404260975492276e-01,-1.579000130208696728e-01,-8.031578320336715260e-01
5.887331645444509043e-01,5.590123262105136659e-01,-1.685339706257969472e-01,-5.590123262105137769e-01
5.887331645444509043e-01,6.906930995304829679e-01,-1.751902572277492243e-01,-3.816342188521961165e-01
5.887331645444507933e-01,7.703675157658527173e-01,-1.730999012394654202e-01,-1.730999012394655590e-01
5.887331645444510153e-01,7.820214879908851113e-01,-2.045376573787785202e-01,0.000000000000000000e+00
5.887331645444507933e-01,7.703675157658527173e-01,-1.730999012394654202e-01,1.730999012394655590e-01
5.887331645444509043e-01,6.906930995304828569e-01,-1.751902572277492798e-01,3.816342188521963941e-01
5.887331645444509043e-01,5.590123262105136659e-01,-1.685339706257969472e-01,5.590123262105137769e-01
2.360106963723029860e-01,5.237404260975492276e-01,-1.579000130208696728e-01,8.031578320336715260e-01
2.360106963723026252e-01,5.343403906927178815e-01,0.000000000000000000e+00,-8.116522026534608303e-01
5.887331645444504602e-01,5.715738189269506941e-01,0.000000000000000000e+00,-5.715738189269506941e-01
5.887331645444507933e-01,7.031036120919097465e-01,0.000000000000000000e+00,-3.987964037310093302e-01
5.887331645444510153e-01,7.820214879908851113e-01,0.000000000000000000e+00,-2.045376573787785202e-01
5.887331645444509043e-01,8.083274466238768996e-01,0.000000000000000000e+00,8.652567340071470391e-16
5.887331645444510153e-01,7.820214879908851113e-01,0.000000000000000000e+00,2.045376573787785202e-01
5.887331645444509043e-01,7.031036120919096355e-01,0.000000000000000000e+00,3.987964037310094412e-01
5.887331645444504602e-01,5.715738189269506941e-01,0.000000000000000000e+00,5.715738189269506941e-01
2.360106963723026252e-01,5.343403906927178815e-01,0.000000000000000000e+00,8.116522026534608303e-01
2.360106963723029860e-01,5.237404260975492276e-01,1.579000130208696728e-01,-8.031578320336715260e-01
5.887331645444509043e-01,5.590123262105136659e-01,1.685339706257969472e-01,-5.590123262105137769e-01
5.887331645444509043e-01,6.906930995304829679e-01,1.751902572277492243e-01,-3.816342188521961165e-01
5.887331645444507933e-01,7.703675157658527173e-01,1.730999012394654202e-01,-1.730999012394655590e-01
5.887331645444510153e-01,7.820214879908851113e-01,2.045376573787785202e-01,0.000000000000000000e+00
5.887331645444507933e-01,7.703675157658527173e-01,1.730999012394654202e-01,1.730999012394655590e-01
5.887331645444509043e-01,6.906930995304828569e-01,1.751902572277492798e-01,3.816342188521963941e-01
5.887331645444509043e-01,5.590123262105136659e-01,1.685339706257969472e-01,5.590123262105137769e-01
2.360106963723029860e-01,5.237404260975492276e-01,1.579000130208696728e-01,8.031578320336715260e-01
2.360106963723026252e-01,4.929545548243100539e-01,3.082476073277627404e-01,-7.786386650125567410e-01
5.887331645444506822e-01,5.227533316675520014e-01,3.268809713434315256e-01,-5.227533316675522235e-01
5.887331645444506822e-01,6.564877231917797262e-01,3.334794823253374174e-01,-3.334794823253370843e-01
5.887331645444509043e-01,6.906930995304828569e-01,3.816342188521963941e-01,-1.751902572277492798e-01
5.887331645444509043e-01,7.031036120919096355e-01,3.987964037310094412e-01,0.000000000000000000e+00
5.887331645444509043e-01,6.906930995304828569e-01,3.816342188521963941e-01,1.751902572277492798e-01
5.887331645444506822e-01,6.564877231917797262e-01,3.334794823253372509e-01,3.334794823253373619e-01
5.887331645444506822e-01,5.227533316675520014e-01,3.268809713434315256e-01,5.227533316675522235e-01
2.360106963723026252e-01,4.929545548243100539e-01,3.082476073277627404e-01,7.786386650125567410e-01
2.360106963723025975e-01,4.447605422558896793e-01,4.447605422558899568e-01,-7.407260433536508870e-01
5.887331645444503492e-01,4.666880689016580930e-01,4.666880689016584260e-01,-4.666880689016585926e-01
5.887331645444506822e-01,5.227533316675520014e-01,5.227533316675522235e-01,-3.268809713434314146e-01
5.887331645444509043e-01,5.590123262105136659e-01,5.590123262105137769e-01,-1.685339706257969472e-01
5.887331645444504602e-01,5.715738189269506941e-01,5.715738189269506941e-01,0.000000000000000000e+00
5.887331645444509043e-01,5.590123262105136659e-01,5.590123262105137769e-01,1.685339706257969472e-01
5.887331645444506822e-01,5.227533316675520014e-01,5.227533316675522235e-01,3.268809713434315256e-01
5.887331645444503492e-01,4.666880689016580930e-01,4.666880689016584260e-01,4.666880689016585926e-01
2.360106963723025975e-01,4.447605422558896793e-01,4.447605422558899568e-01,7.407260433536508870e-01
2.360106963723025975e-01,4.373944145173325748e-01,6.135898782358214509e-01,-6.135898782358217840e-01
2.360106963723025975e-01,4.447605422558896793e-01,7.407260433536508870e-01,-4.447605422558899568e-01
2.360106963723027640e-01,4.929545548243100539e-01,7.786386650125567410e-01,-3.082476073277626849e-01
2.360106963723030138e-01,5.237404260975493386e-01,8.031578320336716370e-01,-1.579000130208697006e-01
2.360106963723026252e-01,5.343403906927178815e-01,8.116522026534608303e-01,0.000000000000000000e+00
2.360106963723030138e-01,5.237404260975493386e-01,8.031578320336716370e-01,1.579000130208697006e-01
2.360106963723027640e-01,4.929545548243100539e-01,7.786386650125567410e-01,3.082476073277627959e-01
2.360106963723025975e-01,4.447605422558896793e-01,7.407260433536508870e-01,4.447605422558899568e-01
2.360106963723025975e-01,4.373944145173325748e-01,6.135898782358214509e-01,6.135898782358217840e-01
2.360106963723023477e-01,5.610403880880174832e-01,-5.610403880880179273e-01,-5.610403880880180383e-01
2.360106963723025975e-01,6.135898782358214509e-01,-6.135898782358217840e-01,-4.373944145173325748e-01
2.360106963723029860e-01,6.535622405045294903e-01,-6.535622405045297123e-01,-3.000195773133139676e-01
2.360106963723036244e-01,6.786006457803990255e-01,-6.786006457803990255e-01,-1.526475623477530630e-01
2.360106963723025975e-01,6.871313379543464439e-01,-6.871313379543466660e-01,0.000000000000000000e+00
2.360106963723036244e-01,6.786006457803990255e-01,-6.786006457803990255e-01,1.526475623477530630e-01
2.360106963723029860e-01,6.535622405045294903e-01,-6.535622405045297123e-01,3.000195773133140231e-01
2.360106963723025975e-01,6.135898782358214509e-01,-6.135898782358217840e-01,4.373944145173325748e-01
2.360106963723023477e-01,5.610403880880174832e-01,-5.610403880880179273e-01,5.610403880880180383e-01
2.360106963723025975e-01,6.135898782358214509e-01,-4.373944145173325748e-01,-6.135898782358217840e-01
2.360106963723025975e-01,7.407260433536508870e-01,-4.447605422558896793e-01,-4.447605422558899568e-01
2.360106963723027640e-01,7.786386650125567410e-01,-4.929545548243100539e-01,-3.082476073277626849e-01
2.360106963723030138e-01,8.031578320336716370e-01,-5.237404260975493386e-01,-1.579000130208697006e-01
2.360106963723025975e-01,8.116522026534607193e-01,-5.343403906927178815e-01,0.000000000000000000e+00
2.360106963723030138e-01,8.031578320336716370e-01,-5.237404260975493386e-01,1.579000130208697006e-01
2.360106963723027640e-01,7.786386650125567410e-01,-4.929545548243100539e-01,3.082476073277627959e-01
2.360106963723025975e-01,7.407260433536508870e-01,-4.447605422558896793e-01,4.447605422558899568e-01
2.360106963723025975e-01,6.135898782358214509e-01,-4.373944145173325748e-01,6.135898782358217840e-01
2.360106963723027640e-01,6.535622405045294903e-01,-3.000195773133139676e-01,-6.535622405045297123e-01
2.360106963723026252e-01,7.786386650125567410e-01,-3.082476073277626849e-01,-4.929545548243100539e-01
2.360106963723030138e-01,8.690729399719600012e-01,-3.074176118949226155e-01,-3.074176118949228376e-01
2.360106963723032081e-01,8.922034030760879197e-01,-3.499500597515113332e-01,-1.606455552364331185e-01
2.360106963723029860e-01,9.005956774385421859e-01,-3.650018862648163886e-01,0.000000000000000000e+00
2.360106963723032081e-01,8.922034030760879197e-01,-3.499500597515113332e-01,1.606455552364331185e-01
2.360106963723027917e-01,8.690729399719600012e-01,-3.074176118949226710e-01,3.074176118949228931e-01
2.360106963723026252e-01,7.786386650125567410e-01,-3.082476073277626849e-01,4.929545548243100539e-01
2.360106963723027640e-01,6.535622405045294903e-01,-3.000195773133139676e-01,6.535622405045297123e-01
2.360106963723036244e-01,6.786006457803990255e-01,-1.526475623477530630e-01,-6.786006457803990255e-01
2.360106963723029860e-01,8.031578320336715260e-01,-1.579000130208696728e-01,-5.237404260975492276e-01
2.360106963723029860e-01,8.922034030760879197e-01,-1.606455552364331463e-01,-3.499500597515113887e-01
2.360106963723032081e-01,9.460810779429454920e-01,-1.568909576045967313e-01,-1.568909576045968146e-01
2.360106963723032358e-01,9.539617623095910659e-01,-1.850835142551594537e-01,0.000000000000000000e+00
2.360106963723032081e-01,9.460810779429454920e-01,-1.568909576045967313e-01,1.568909576045968146e-01
2.360106963723029860e-01,8.922034030760879197e-01,-1.606455552364331463e-01,3.499500597515114997e-01
2.360106963723029860e-01,8.031578320336715260e-01,-1.579000130208696728e-01,5.237404260975492276e-01
2.360106963723036244e-01,6.786006457803990255e-01,-1.526475623477530630e-01,6.786006457803990255e-01
2.360106963723025975e-01,6.871313379543464439e-01,0.000000000000000000e+00,-6.871313379543466660e-01
2.360106963723025975e-01,8.116522026534607193e-01,0.000000000000000000e+00,-5.343403906927178815e-01
2.360106963723029860e-01,9.005956774385421859e-01,0.000000000000000000e+00,-3.650018862648163886e-01
2.360106963723032358e-01,9.539617623095910659e-01,0.000000000000000000e+00,-1.850835142551594537e-01
2.360106963723029860e-01,9.717504572666074703e-01,0.000000000000000000e+00,7.801420362839313924e-16
2.360106963723032358e-01,9.539617623095910659e-01,0.000000000000000000e+00,1.850835142551594537e-01
2.360106963723029860e-01,9.005956774385421859e-01,0.000000000000000000e+00,3.650018862648164997e-01
2.360106963723025975e-01,8.116522026534607193e-01,0.000000000000000000e+00,5.343403906927178815e-01
2.360106963723025975e-01,6.871313379543464439e-01,0.000000000000000000e+00,6.871313379543466660e-01
2.360106963723036244e-01,6.786006457803990255e-01,1.526475623477530630e-01,-6.786006457803990255e-01
2.360106963723029860e-01,8.031578320336715260e-01,1.579000130208696728e-01,-5.237404260975492276e-01
2.360106963723029860e-01,8.922034030760879197e-01,1.606455552364331463e-01,-3.499500597515113887e-01
2.360106963723032081e-01,9.460810779429454920e-01,1.568909576045967313e-01,-1.568909576045968146e-01
2.360106963723032358e-01,9.539617623095910659e-01,1.850835142551594537e-01,0.000000000000000000e+00
2.360106963723032081e-01,9.460810779429454920e-01,1.568909576045967313e-01,1.568909576045968146e-01
2.360106963723029860e-01,8.922034030760879197e-01,1.606455552364331463e-01,3.499500597515114997e-01
2.360106963723029860e-01,8.031578320336715260e-01,1.579000130208696728e-01,5.237404260975492276e-01
2.360106963723036244e-01,6.786006457803990255e-01,1.526475623477530630e-01,6.786006457803990255e-01
2.360106963723027640e-01,6.535622405045294903e-01,3.000195773133140231e-01,-6.535622405045297123e-01
2.360106963723026252e-01,7.786386650125567410e-01,3.082476073277627404e-01,-4.929545548243100539e-01
2.360106963723027917e-01,8.690729399719600012e-01,3.074176118949228931e-01,-3.074176118949226710e-01
2.360106963723029860e-01,8.922034030760879197e-01,3.499500597515114997e-01,-1.606455552364331463e-01
2.360106963723029860e-01,9.005956774385421859e-01,3.650018862648164997e-01,0.000000000000000000e+00
2.360106963723029860e-01,8.922034030760879197e-01,3.499500597515114997e-01,1.606455552364331463e-01
2.360106963723027917e-01,8.690729399719600012e-01,3.074176118949228376e-01,3.074176118949228931e-01
2.360106963723026252e-01,7.786386650125567410e-01,3.082476073277627404e-01,4.929545548243100539e-01
2.360106963723027640e-01,6.535622405045294903e-01,3.000195773133140231e-01,6.535622405045297123e-01
2.360106963723025975e-01,6.135898782358214509e-01,4.373944145173325748e-01,-6.135898782358217840e-01
2.360106963723025975e-01,7.407260433536508870e-01,4.447605422558896793e-01,-4.447605422558899568e-01
2.360106963723027640e-01,7.786386650125567410e-01,4.929545548243100539e-01,-3.082476073277626849e-01
2.360106963723030138e-01,8.031578320336716370e-01,5.237404260975493386e-01,-1.579000130208697006e-01
2.360106963723025975e-01,8.116522026534607193e-01,5.343403906927178815e-01,0.000000000000000000e+00
2.360106963723030138e-01,8.031578320336716370e-01,5.237404260975493386e-01,1.579000130208697006e-01
2.360106963723027640e-01,7.786386650125567410e-01,4.929545548243100539e-01,3.082476073277627959e-01
2.360106963723025975e-01,7.407260433536508870e-01,4.447605422558896793e-01,4.447605422558899568e-01
2.360106963723025975e-01,6.135898782358214509e-01,4.373944145173325748e-01,6.135898782358217840e-01
2.360106963723023477e-01,5.610403880880174832e-01,5.610403880880179273e-01,-5.610403880880180383e-01
2.360106963723025975e-01,6.135898782358214509e-01,6.135898782358217840e-01,-4.373944145173325748e-01
2.360106963723029860e-01,6.535622405045294903e-01,6.535622405045297123e-01,-3.000195773133139676e-01
2.360106963723036244e-01,6.786006457803990255e-01,6.786006457803990255e-01,-1.526475623477530630e-01
2.360106963723025975e-01,6.871313379543464439e-01,6.871313379543466660e-01,0.000000000000000000e+00
2.360106963723036244e-01,6.786006457803990255e-01,6.786006457803990255e-01,1.526475623477530630e-01
2.360106963723029860e-01,6.535622405045294903e-01,6.535622405045297123e-01,3.000195773133140231e-01
2.360106963723025975e-01,6.135898782358214509e-01,6.135898782358217840e-01,4.373944145173325748e-01
2.360106963723023477e-01,5.610403880880174832e-01,5.610403880880179273e-01,5.610403880880180383e-01
