2.486541254898377851e-02,-1.892812084621291885e-02,8.877081039470507973e-01,-4.593449245248411583e-01
2.013390366793901473e-02,5.024254594554451725e-02,-1.376233193616639150e-01,9.890046180215122940e-01
6.944217402089496172e-02,-7.784405388450746713e-03,7.271464420245024041e-01,6.829167147984496200e-01
1.299874154796044033e-02,-8.165151693734370997e-02,9.765166347821958581e-01,-1.989455314744605630e-01
8.531767815286912804e-02,3.885815608856701270e-02,-4.012287311078163721e-01,9.111676260895201773e-01
6.652238656634075487e-02,-7.947930287514060055e-02,5.115582359068321372e-01,8.529747849590221254e-01
6.402926844908253534e-02,9.271227147403585112e-02,-9.907975651151939012e-01,-7.499914974053460692e-02
1.143066802111559338e-01,-3.977964754877219566e-02,-6.328735294903573561e-01,7.647369862707164012e-01
8.419708298861376325e-03,1.285716571105859352e-01,-2.584751706363546675e-01,-9.573865591622369164e-01
1.333879172303892580e-01,2.761070511484316203e-02,-9.299075360916183586e-01,-3.416391178129569162e-01
6.531743571412985949e-02,-1.274419283114097967e-01,-8.151835513596290550e-01,5.612200683267688506e-01
1.103577498871555068e-01,1.014007127186195983e-01,1.269248358717840405e-02,-9.886242781564638094e-01
1.325356652411913971e-01,-8.275481822271649190e-02,-7.989089384205663169e-01,-5.808015544157262289e-01
4.622419253881212414e-02,1.556615287222081478e-01,9.346296048130248169e-01,-3.163863371055222196e-01
1.682555336332535734e-01,-3.223026805514887360e-03,2.812777361424592115e-01,-9.447552713007603131e-01
4.310594705937491333e-02,-1.685684277322249958e-01,-6.081520361975635280e-01,-7.745176972598866172e-01
1.558013875549684180e-01,8.917673539632706148e-02,9.825314166536222027e-01,-4.904541557195962742e-02
1.312456661998506469e-01,-1.302085350649387352e-01,5.269327057969022121e-01,-8.295554448387131297e-01
9.311506009378375803e-02,1.657178266926375154e-01,3.724580864343477460e-01,9.083733601056692697e-01
1.894498310544799335e-01,-4.684761481045764814e-02,9.556874954761145347e-01,2.203984425775089295e-01
5.419326172284308699e-03,-2.000242320416164010e-01,7.311708827082159523e-01,-6.521886826522584890e-01
1.959727078887119334e-01,5.989061080641582685e-02,1.099678555429369348e-01,9.725815560904328416e-01
1.124344309298767886e-01,-1.769288310069186687e-01,8.565852764688273169e-01,4.715043495417861052e-01
1.436964888123637707e-01,1.589017199497796962e-01,-8.787588724606313351e-01,4.264790810482033678e-01
1.954561854254430742e-01,-9.822648359243460470e-02,-1.592550169730698462e-01,9.626973964174346809e-01
4.350099394857136897e-02,2.188889011016464936e-01,-6.931780791643693540e-01,-6.853462359026971651e-01
2.268920881045289883e-01,1.666711899419496060e-02,-9.588528010767524146e-01,1.698337227033133168e-01
7.790630365074435737e-02,-2.182694329297577562e-01,-4.147582560499523119e-01,8.799230941044803300e-01
1.930648365108392772e-01,1.356098499484566233e-01,-4.782484096325249068e-01,-8.459399483320082513e-01
1.852867502057233551e-01,-1.525975350331776892e-01,-9.657945872879001303e-01,-9.810009003764828817e-02
9.939862918858669016e-02,2.229130436188735687e-01,6.372554209397001124e-01,-7.309823636606875841e-01
2.452562160193833829e-01,-3.705166668118387713e-02,-2.284084589181931690e-01,-9.414383348868985424e-01
3.005254141958946940e-02,-2.501467714247455065e-01,-8.995096442457887198e-01,-3.569395430725135765e-01
2.366746773165626372e-01,9.702981303239206767e-02,8.100824033976831151e-01,-5.275763567536301268e-01
1.588624642527115827e-01,-2.052937650089644850e-01,3.718408270890557338e-02,-9.650049385848226136e-01
1.578239513386186510e-01,2.107784094348027770e-01,7.654782151646123411e-01,5.871176752648481489e-01
2.486207285505200315e-01,-9.734883581742835579e-02,9.204459076545133955e-01,-2.854650041284552686e-01
2.801423940830252354e-02,2.691791037401943809e-01,-2.982956112040157093e-01,9.153018850829613973e-01
2.704568970902358482e-01,4.525902469476747458e-02,5.742851196971221484e-01,7.713632664279924667e-01
1.171280197910321424e-01,-2.518520686431452993e-01,9.603703418528493074e-01,-2.324583811011039780e-02
2.142363098357740747e-01,1.822206520895757742e-01,-5.351588211025155584e-01,7.965572632875591585e-01
2.355396415125005916e-01,-1.599242469926394350e-01,3.407847007712760945e-01,8.959972657437252908e-01
9.253280022173669683e-02,2.728470146128121887e-01,-9.272730424481722133e-01,-2.390750765950110657e-01
2.909995505584770381e-01,-1.673914797008482433e-02,-7.299699404866361041e-01,6.182094697478655032e-01
6.204638939430189015e-02,-2.882087924806088219e-01,8.294678307888420088e-02,9.519484065204713019e-01
2.642044785465482715e-01,1.380694789442856729e-01,-8.241264311716385293e-01,-4.816102552316536833e-01
2.056547340076767816e-01,-2.202871827416014450e-01,-8.682275250563843416e-01,3.941581563718624670e-01
1.592640835044530634e-01,2.596312562182885308e-01,1.795267054649955507e-01,-9.354125958767525173e-01
2.957287680280351050e-01,-8.527050052990522988e-02,-6.591973553837963129e-01,-6.860993252838899492e-01
3.488504360576688643e-03,3.109140039260473998e-01,9.398120915199155156e-01,-1.416811389457396930e-01
3.036410075225414729e-01,8.021814664211537882e-02,4.267079215481694443e-01,-8.481082107773991741e-01
1.597268631688791296e-01,-2.739950121484516221e-01,-4.453860608429324741e-01,-8.372844912613727208e-01
2.237172396900322657e-01,2.291062180855698016e-01,9.397261952166257037e-01,1.198983549665477571e-01
2.830598721150232033e-01,-1.561066824265596176e-01,6.399569046501022429e-01,-6.971104451165969218e-01
7.580409366495453882e-02,3.173311391648080959e-01,1.992175379314642947e-01,9.240492736215561997e-01
3.290373081228197272e-01,1.152767813952844562e-02,8.684408697042940162e-01,3.706912709078127310e-01
9.960489357467298965e-02,-3.169076011647213309e-01,8.033279301459469446e-01,-4.942799552353188131e-01
2.814054409480887253e-01,1.819771010451912974e-01,-6.043592490456499433e-02,9.402355085195037709e-01
2.525013239858482361e-01,-2.247240394025386001e-01,7.318246079797612325e-01,5.917558032290590742e-01
1.506536055630481319e-01,3.058012894525684588e-01,-9.047622546757057016e-01,2.553317939742984488e-01
3.376773145474611382e-01,-6.432801675798036078e-02,-3.138022127770016545e-01,8.850785890282610868e-01
2.813210427071898001e-02,-3.454356267226955102e-01,5.406629489070684524e-01,7.665287914873860631e-01
3.281114283279853439e-01,1.200550003147281830e-01,-9.369780022382029339e-01,-1.382324747058170629e-03
2.047009542048923991e-01,-2.865675432556983870e-01,-5.417158166034335975e-01,7.632303299408870201e-01
2.234594688242324267e-01,2.757579161017719716e-01,-3.098078019980627928e-01,-8.820672102063022990e-01
3.278130454661294935e-01,-1.430674481572289103e-01,-8.979915319377660410e-01,-2.562840632346543579e-01
5.100605798453042988e-02,3.567649009486201228e-01,7.270683900271291966e-01,-5.843703823119019702e-01
3.601449216242694207e-01,4.616896065809596161e-02,-5.702353972188899806e-02,-9.300066550394068265e-01
1.414290113356725664e-01,-3.373231347723043561e-01,-7.912330647963959906e-01,-4.900624191599496915e-01
2.895812609867366993e-01,2.277825295876122480e-01,8.560935820407956642e-01,-3.624383965428601417e-01
2.987893565681061236e-01,-2.200459790625975964e-01,1.983804938619402602e-01,-9.071658432475799838e-01
1.334853652090207954e-01,3.490416805698344782e-01,6.252504328540502421e-01,6.851375472967620173e-01
3.745756013826266884e-01,-3.598168073955950591e-02,9.193896068195921423e-01,-1.145477558580515198e-01
6.549700542645661705e-02,-3.731820330350414383e-01,4.370257540773339611e-01,-8.157535183945808788e-01
3.445926952001920340e-01,1.635961091061383654e-01,4.130261662866565042e-01,8.269834178885010489e-01
2.511088657820376713e-01,-2.905258594783924897e-01,9.126035801648021417e-01,1.403344860338532063e-01
2.145866757804155978e-01,3.215067978713836983e-01,-6.409356981968220568e-01,6.631646615109646481e-01
3.694272052760464442e-01,-1.220275686143497962e-01,1.709623655975597012e-01,9.052097447825483423e-01
1.938457996384062437e-02,3.910812582566767781e-01,-8.367278653236347452e-01,-3.828396098772350875e-01
3.845516811449852801e-01,8.598512678693705225e-02,-7.948906609938594103e-01,4.613842211917800196e-01
1.864318010554736893e-01,-3.499567774100285633e-01,-8.238729508283984537e-02,9.143225749750101272e-01
2.894671141804342485e-01,2.745696219687303596e-01,-6.979884981910257080e-01,-5.946699663620458320e-01
3.438206339633040898e-01,-2.071718710662035778e-01,-8.875642286984297691e-01,2.260462948932398242e-01
1.088028874656394307e-01,3.889059901558979959e-01,3.277403880160391636e-01,-8.541078974948633773e-01
4.062478064721800619e-01,-1.335004322897395549e-03,-5.073369092278158243e-01,-7.599803931912763044e-01
1.075093936849964987e-01,-3.942510846776257627e-01,-9.123562306056611781e-01,-2.477742874129108472e-02
3.534436345823511738e-01,2.098163713183921475e-01,5.465542124640815347e-01,-7.296116640636768347e-01
2.980568638863886899e-01,-2.864621151046169989e-01,-2.795862473152436189e-01,-8.665639577158626983e-01
1.978834880026239806e-01,3.656414742283968233e-01,8.678611043459049101e-01,2.719660660146894227e-01
4.074127210730090765e-01,-9.391252423338708466e-02,7.224280348738542079e-01,-5.507204798518948730e-01
1.805331254813176758e-02,-4.200379630533881414e-01,-3.226035580891442600e-02,-9.067532503074263728e-01
4.022731184290601059e-01,1.299510511283357983e-01,7.579385293799207890e-01,4.968080596985146591e-01
2.336338314253885440e-01,-3.550764640376677939e-01,8.423329813392244070e-01,-3.313775581541000270e-01
2.815625771354791640e-01,3.214649322349599214e-01,-2.157551606213173323e-01,8.779706846844429480e-01
3.868808353889732765e-01,-1.867981041358026950e-01,5.913836916700604407e-01,6.824185055570305414e-01
7.745265497722991777e-02,4.248817761883630362e-01,-8.975773029721638707e-01,8.849603205351300184e-02
4.324131204916743521e-01,3.867112264536323729e-02,-4.456559007844833054e-01,7.828884055827950439e-01
1.531951372513852272e-01,-4.086085381175107445e-01,3.812250055511566260e-01,8.150078574115224850e-01
3.548757764860158703e-01,2.577712081739296224e-01,-8.844354904859498268e-01,-1.593456954827381367e-01
3.446903782076586875e-01,-2.748171768122605885e-01,-6.401453488718660267e-01,6.291883619534909267e-01
1.739890997205347789e-01,4.074516605420057114e-01,-1.437052573180156445e-01,-8.849066258759524795e-01
4.412482317993503544e-01,-5.951626192854138353e-02,-8.043957707972716475e-01,-3.933258908633694428e-01
6.041223940820295013e-02,-4.433347198558736380e-01,-7.847369601585840737e-01,4.289435753815002417e-01
4.132475886398215836e-01,1.771295231839482565e-01,1.029741777614343601e-01,-8.872699032506154992e-01
2.821180661508049803e-01,-3.528611047584162552e-01,-6.640098559439535642e-01,-5.958098259589967860e-01
2.662732335546893481e-01,3.676319526269851146e-01,8.688335668970945669e-01,-1.976702950189327679e-01
4.272687286987773558e-01,-1.595281980595611715e-01,3.400489307257083538e-01,-8.224104280785248244e-01
4.019444035617573269e-02,4.564486219329113581e-01,4.743591768276056442e-01,7.516797415518369219e-01
4.527652730058659980e-01,8.317253188357089100e-02,8.865036438124308527e-01,4.687458807587303877e-02
2.016442485913179095e-01,-4.161811919225120171e-01,5.496199813518557464e-01,-6.957375141522740281e-01
3.490522582361412218e-01,3.065661976152136425e-01,2.501809021673156441e-01,8.494640685106981115e-01
3.901906374364929597e-01,-2.559779364650462963e-01,8.368975960900778555e-01,2.860576448176991304e-01
1.434865813045303473e-01,4.462489926997464940e-01,-7.160059494340007546e-01,5.173093058075750594e-01
4.704215295171637612e-01,-1.957733553710174629e-02,8.722611933657907837e-03,8.821815167759154974e-01
1.068492156254256809e-01,-4.606691411634074029e-01,7.242750161272661913e-01,5.017896855395180822e-01
4.174018400291854003e-01,2.266310690091945523e-01,-8.269170961020411159e-01,3.010351784661847718e-01
3.310094342159873304e-01,-3.434702562959593419e-01,-2.315853584804123955e-01,8.478379321766035259e-01
2.439792478481155880e-01,4.122697104074803942e-01,-5.576436536602967786e-01,-6.778948060225826744e-01
4.643118686750448698e-01,-1.259357022749622579e-01,-8.743630910328500372e-01,6.359145020739946641e-02
2.245186831667632041e-03,-4.831080589641316703e-01,-4.525376584804945979e-01,7.495406794544183793e-01
4.670131396752191244e-01,1.313403588798748023e-01,-3.500403735236219394e-01,-8.013240133700244572e-01
2.519831580649364300e-01,-4.169042762453046280e-01,-8.552274880871838514e-01,-1.768650788598074286e-01
3.361380293166745248e-01,3.553435489031741001e-01,6.375341505617518889e-01,-5.952246587360989771e-01
4.337748356852180187e-01,-2.303265712553855815e-01,-1.175113889418378660e-01,-8.631223180806762985e-01
1.069478736542311265e-01,4.813794914834226835e-01,7.714676930270163435e-01,4.020864784043021167e-01
4.944522228320082924e-01,2.518306646312210711e-02,7.728279078084893117e-01,-3.970136488993209478e-01
1.565445481062804622e-01,-4.717670155470817250e-01,1.221284838905856429e-01,-8.590775988946440789e-01
4.146860199183231566e-01,2.775949249973783672e-01,6.299279987983431583e-01,5.951195500316845965e-01
3.794662255062302147e-01,-3.270809474733356037e-01,8.485470901253531206e-01,-1.702682393748048417e-01
2.150712442463395269e-01,4.546141742162593258e-01,-3.506615802791229197e-01,7.900042839226558700e-01
4.973769452325852436e-01,-8.659669076299585100e-02,4.417827919130161152e-01,7.415828694552893952e-01
4.914572159063442663e-02,-5.044012644208337726e-01,8.594147059431586078e-01,6.760492370112015925e-02
4.749038294803844540e-01,1.823606735150590796e-01,-5.508533819445934343e-01,6.616430224072524791e-01
3.033619193095227207e-01,-4.107477734727757457e-01,2.216550428614100787e-01,8.307387402030235179e-01
3.163272191635796982e-01,4.032770795820619369e-01,-8.051138175053230706e-01,-2.984902483532842488e-01
4.746985092171248088e-01,-1.982668980113406199e-01,-7.077532262875503299e-01,4.841868783636784634e-01
6.495732755325775432e-02,5.122324746608113433e-01,1.352043871719270721e-02,-8.562801149372176734e-01
5.129059311775718832e-01,7.404183454553163457e-02,-6.902731177279181063e-01,-5.049438933606186231e-01
2.086878064122359155e-01,-4.764002644361662875e-01,-8.098114867960043428e-01,2.714729145849452130e-01
4.050937385753032860e-01,3.291808020937489476e-01,2.458006071812735838e-01,-8.167748306659047275e-01
4.266777183546058283e-01,-3.039081887013044825e-01,-5.240768815420511206e-01,-6.715127398144871140e-01
1.799697139345428909e-01,4.939413827230098031e-01,8.497296905615467910e-01,-3.990320135249809247e-02
5.258776810475356278e-01,-4.210673433153513251e-02,4.576042403422411198e-01,-7.157360174818649945e-01
9.977922457445731474e-02,-5.199207091887377841e-01,-3.195318464257304591e-01,-7.858918256476290498e-01
4.762368762737856365e-01,2.354251477157590644e-01,8.249809984019953468e-01,1.928206155359093177e-01
3.549493688822081827e-01,-3.977318607178988441e-01,6.330437645757204246e-01,-5.613162251634992161e-01
2.898585546401353796e-01,4.495718305253696423e-01,9.244943357007265328e-02,8.398334892897357795e-01
5.122592399426975085e-01,-1.602385989495972440e-01,7.379640390452212317e-01,4.090515121302735757e-01
1.812375807670458736e-02,5.382477049585786544e-01,-7.591178716985343966e-01,3.656514656990830225e-01
5.254040259535055490e-01,1.262647892797038318e-01,-1.397770675730162504e-01,8.297410342273596751e-01
2.624720322814886875e-01,-4.743982976044762712e-01,5.957812781001967650e-01,5.925363753941998990e-01
3.886740162062404802e-01,3.805666126003582894e-01,-8.266753323005177068e-01,1.439078089119165682e-01
4.718652988498381884e-01,-2.742165243769105754e-01,-3.595057443753817417e-01,7.569042589793657516e-01
1.391352958263940010e-01,5.295715786891341814e-01,-4.096617466841813715e-01,-7.296386542691291055e-01
5.492813972415026003e-01,6.910799116067214455e-03,-8.310785251846140032e-01,-8.689460556885593434e-02
1.534045007177872455e-01,-5.293184265255900245e-01,-5.501874663546959532e-01,6.273617890549282317e-01
4.708734029558833134e-01,2.897279774007790465e-01,-1.940748666926187249e-01,-8.103523206718435956e-01
4.059328178650004060e-01,-3.779361518566072276e-01,-7.725186215694009872e-01,-3.091889257856962336e-01
2.570239166788222951e-01,4.934663299102359790e-01,6.976133688039874992e-01,-4.514036720784974088e-01
5.458011015841188751e-01,-1.167244404979622951e-01,3.439474847898209980e-02,-8.290317025162955433e-01
3.291417172139707997e-02,-5.589214791005033822e-01,-6.559612595847981176e-01,-5.061998255866207996e-01
5.316307266575654999e-01,1.811034455043548652e-01,7.909742952643763481e-01,-2.427549726185298518e-01
3.170927665134674056e-01,-4.656554412060871506e-01,2.583240025608330437e-01,-7.847839812336582233e-01
3.655383851002984574e-01,4.309496797983100591e-01,4.907298417454084016e-01,6.632105886673753670e-01
5.142855966468755646e-01,-2.383262209274657761e-01,8.236531493239205304e-01,-1.750505951968243934e-02
9.307357564958120000e-02,5.608738690791377213e-01,-4.607811900159821117e-01,6.814972541598794953e-01
5.671146916923094361e-01,5.980166357833946456e-02,2.897611169955809918e-01,7.686632439355176594e-01
2.092659006787253861e-01,-5.323121455622836784e-01,7.936920789542541987e-01,2.071338849760564482e-01
4.587421397295928793e-01,3.444665611293999952e-01,-6.266074406374774197e-01,5.275050263625458147e-01
4.555204419481065359e-01,-3.515050703295781731e-01,6.859237644368965103e-02,8.150094468126165559e-01
2.181726198145896023e-01,5.342363900589688352e-01,-7.039016462208191882e-01,-4.141432843203192160e-01
5.747194516099931594e-01,-6.825312770202451862e-02,-7.435526589436930456e-01,3.349156698002708765e-01
8.748671476305250327e-02,-5.738119354282972262e-01,-1.558404604494043888e-01,7.992494531664802171e-01
5.313384201872668466e-01,2.377954388395613627e-01,-5.616066638261439925e-01,-5.879887478906962173e-01
3.717500353954485415e-01,-4.501357836069943552e-01,-8.031807609796994818e-01,1.186606619401340407e-01
3.358648359655649340e-01,4.795500489644684561e-01,3.665008483732466460e-01,-7.231207994807579142e-01
5.532347771276775461e-01,-1.966159807250899283e-01,-3.780510895288701212e-01,-7.157868476062089202e-01
4.233635278096109511e-02,5.872710794285770364e-01,8.014772858271504985e-01,1.046636173803680431e-01
5.789683990000723535e-01,1.158809969722957578e-01,5.475461443916416204e-01,-5.929252965271828435e-01
2.665950573736353135e-01,-5.286899023850825108e-01,-1.675101449471636250e-01,-7.882603718567744444e-01
4.398432724591596066e-01,3.988445288234721553e-01,7.391156840038518583e-01,3.180706574953404697e-01
5.029453104819539000e-01,-3.186505957380450504e-01,6.855201994649515740e-01,-4.190105829517113412e-01
1.737128199347061919e-01,5.711997625089950681e-01,-5.382028398101425248e-02,8.004111846621103643e-01
5.984657888389374181e-01,-1.539925613100863108e-02,6.213649478809795124e-01,5.054771647115896549e-01
1.448945329471732768e-01,-5.825436780379824597e-01,7.703541476562095758e-01,-2.149486559364237048e-01
5.243516399967699249e-01,2.955673275798558763e-01,-2.690705398402923332e-01,7.518619268789008547e-01
4.256522135068414037e-01,-4.278761568920688152e-01,4.576487131241573914e-01,6.529164133913334389e-01
2.998995369373102515e-01,5.256150732663465996e-01,-7.961009028664070009e-01,-3.523486241151673436e-03
5.880534519277406114e-01,-1.495232429285441866e-01,-4.619843133920502054e-01,6.468434367601452184e-01
1.247951142860903410e-02,-6.082445637196466359e-01,2.607924202619475440e-01,7.495799664037959831e-01
5.845018832453086066e-01,1.744358362914216476e-01,-7.613497975906644566e-01,-2.197183952441267574e-01
3.246145602374224115e-01,-5.183134426019305740e-01,-6.181476882192340483e-01,4.938319532484878871e-01
4.142506561091585660e-01,4.520762727827369876e-01,-4.601857093770128637e-02,-7.886099977991984922e-01
5.474703991581406637e-01,-2.796530878528361574e-01,-6.692926287635549976e-01,-4.172741180360582391e-01
1.241108635271952892e-01,6.037212155080636800e-01,7.260670878569795983e-01,-3.048668093297219883e-01
6.165524713428383041e-01,4.121877704443160928e-02,1.702312198330578896e-01,-7.675841284798358144e-01
2.044120686635712281e-01,-5.848117378136996614e-01,-5.274391842209207315e-01,-5.813938806423487593e-01
5.105699325023862478e-01,3.536389847351516513e-01,7.780154304748324590e-01,-9.460339551549519499e-02
4.780210887718596147e-01,-3.989876579411522628e-01,3.715561703697863316e-01,-6.886586235284782864e-01
2.579568662057213357e-01,5.684247467143944688e-01,3.470070464947856426e-01,6.999554787148720703e-01
6.181318495179767281e-01,-9.754270404025854047e-02,7.705841709612855084e-01,1.208241406504026311e-01
7.073498690408344669e-02,-6.233387916114954130e-01,5.428416342376796155e-01,-5.583621339580302489e-01
5.834466639068425220e-01,2.347292118079382373e-01,1.420350692139003279e-01,7.644071079035061889e-01
3.825429393238074516e-01,-5.011205813708931034e-01,7.049018775813276072e-01,3.250421595459874746e-01
3.821127023065411521e-01,5.033924366098407877e-01,-6.713950943162417806e-01,3.870588648101022100e-01
5.883941547406671413e-01,-2.348606100797149820e-01,-7.170946449396457811e-02,7.703833884514832420e-01
6.988907831467740250e-02,6.312177352010357456e-01,-5.865057568594297388e-01,-5.026834835865879869e-01
6.285571389314804636e-01,1.009423627535612489e-01,-7.478873705763859903e-01,1.881250739065356836e-01
2.652922522557152885e-01,-5.803848579977686217e-01,-2.779449019819797417e-01,7.179972625032965405e-01
4.899697329044419014e-01,4.112290703945306602e-01,-4.248791139675441308e-01,-6.405451202016565482e-01
5.280976834781657692e-01,-3.636559489476215434e-01,-7.670291872276639999e-01,-2.309574508148824756e-02
2.104180926175651389e-01,6.072974261424016751e-01,4.611169375608055176e-01,-6.117885520296568735e-01
6.429149935300748631e-01,-4.122345927046817265e-02,-2.326930800339065408e-01,-7.285704276213343933e-01
1.317530720605621930e-01,-6.321655760183438888e-01,-7.279340584753146715e-01,-2.304773720165544659e-01
5.756093548492919876e-01,2.960053768261344809e-01,6.075731770744366989e-01,-4.603363140136514375e-01
4.396005389599045299e-01,-4.771266117564199050e-01,-2.481312744235571882e-02,-7.605825867100359794e-01
3.436521301620767410e-01,5.520459907789089238e-01,6.341428191628174504e-01,4.183435459096200293e-01
6.250563107097580895e-01,-1.846870215849138741e-01,7.065817423742455361e-01,-2.755676937584944919e-01
1.162233231288510756e-02,6.531636348508763623e-01,-1.828517376552443174e-01,7.347158835471421234e-01
6.341267190131338882e-01,1.630774102493600941e-01,4.933111536591348600e-01,5.726544928449383010e-01
3.267721772760158738e-01,-5.691080799446551763e-01,7.511178309175627898e-01,-7.181881075105291112e-02
4.626053189791536346e-01,4.675612327302119953e-01,-3.745679533466680367e-01,6.535148512663567777e-01
5.751485179902977585e-01,-3.221404891558404815e-01,3.165871597679344451e-01,6.820573713186247611e-01
1.577289247626547097e-01,6.415956856098837813e-01,-7.383605592605151369e-01,-1.352784056252120115e-01
6.619077024973228918e-01,1.883496415487504252e-02,-5.359710455686510500e-01,5.236969312608648064e-01
1.948239936116206716e-01,-6.344078333479333809e-01,1.177293645700817071e-01,7.387219431003283487e-01
5.608738901917866837e-01,3.574958626349845070e-01,-6.698650636871741337e-01,-3.299969453667384589e-01
4.950159823474706844e-01,-4.464248141855117202e-01,-6.551432595377191248e-01,3.556000168479928059e-01
2.991647045808492056e-01,5.973186268927608289e-01,8.796507990957759537e-02,-7.388999135312587230e-01
6.568437324861290394e-01,-1.296090220381691527e-01,-5.513999368108580823e-01,-4.977106812044340689e-01
5.006641001221014825e-02,-6.690954095556845838e-01,-7.234942257937274634e-01,1.623600712710333294e-01
6.329809198619413824e-01,2.268999616366884076e-01,2.848384900466955916e-01,-6.831680591830378013e-01
3.880794779034605346e-01,-5.509046027491306674e-01,-3.924657035609694922e-01,-6.259944960048716700e-01
4.286088846206987935e-01,5.218707804851701049e-01,7.363795219707955919e-01,4.111583784945481435e-02
6.184720849858001968e-01,-2.747728017714218263e-01,4.580662102103940647e-01,-5.763397735394348853e-01
1.003960849858348131e-01,6.707321101747828473e-01,2.055342193748964930e-01,7.055457087715522047e-01
6.746792680401501041e-01,8.198748548899066624e-02,6.934126290697097961e-01,2.393007800794494655e-01
2.592111876103714851e-01,-6.298227907257889502e-01,5.947745321985355993e-01,-4.270551116050634866e-01
5.392030118471505817e-01,4.184261279066612826e-01,5.069772192418865731e-03,7.308583890945749006e-01
5.480330026308262159e-01,-4.091861013370821087e-01,5.984496180082240491e-01,4.172344870762850766e-01
2.490170511660983188e-01,6.385272670203996359e-01,-6.849985475963661363e-01,2.470838466813824741e-01
6.831961221413609398e-01,-7.016228467636102806e-02,-1.935912792775028590e-01,7.006016907542401695e-01
1.145113630867645033e-01,-6.786162098152468403e-01,4.592510846648622524e-01,5.616543676801130092e-01
6.249151347819609237e-01,2.916624964242809370e-01,-7.224085711257176579e-01,5.039760772198362965e-02
4.484392051933241974e-01,-5.257768935067227423e-01,-3.754154769460705254e-01,6.176764178510900649e-01
3.881897626625362419e-01,5.734116284694650290e-01,-2.868504399421152318e-01,-6.619853756730694760e-01
6.574053536646335960e-01,-2.219538543776118089e-01,-7.047521622501558003e-01,-1.479157777376376992e-01
3.898302841350557296e-02,6.941748778194957170e-01,5.268117064015045425e-01,-4.889488608211854936e-01
6.808676986676786003e-01,1.475491084723296875e-01,-9.467977980824816842e-02,-7.111147423555932434e-01
3.241578886016969197e-01,-6.182445719594228395e-01,-6.339810265999533678e-01,-3.328113135265525768e-01
5.106389980849918020e-01,4.780226209446114538e-01,6.366486129080805023e-01,-3.246855881960531987e-01
5.979174628603245445e-01,-3.656578251681104619e-01,1.024774598101033107e-01,-7.058947745456602973e-01
1.936436183688215185e-01,6.750305263949403223e-01,5.160564568432648436e-01,4.904300876275593524e-01
7.036114471063390496e-01,-6.936786065856001549e-03,6.970737072669401790e-01,-1.377354679707606111e-01
1.810098895169612032e-01,-6.813998329887214211e-01,2.896253525009260255e-01,-6.473382753157072012e-01
6.098026964653202597e-01,3.566007696060461973e-01,3.604515871095227975e-01,6.091397342566203799e-01
5.070810379227534970e-01,-4.938070306093091943e-01,7.040738229731553499e-01,5.747598893421489163e-02
3.416328223491720828e-01,6.214633554713736574e-01,-4.526979954529350425e-01,5.404949929582090196e-01
6.913301577758473870e-01,-1.641506181822720845e-01,1.793916988189395434e-01,6.803938608591753034e-01
2.589509335469654047e-02,-7.114530073308789060e-01,6.577369810311251008e-01,2.460612246658573365e-01
6.801834385853475773e-01,2.148011926740928668e-01,-5.796185016082537889e-01,3.940219918905578655e-01
3.888941835395069990e-01,-5.995861085024737358e-01,-1.310661331799045995e-02,6.993468589958296011e-01
4.753036188923091543e-01,5.355201045412530947e-01,-5.621989569603407233e-01,-4.138079509781139032e-01
6.439644181932207001e-01,-3.161617712517862944e-01,-6.611945998391844936e-01,2.194840851713416585e-01
1.335428486767135103e-01,7.062349963484594317e-01,2.023218929989535342e-01,-6.651798922947987913e-01
7.176509820690144537e-01,5.942857423310121678e-02,-4.252821165880483756e-01,-5.482521626135091752e-01
2.488290459297387014e-01,-6.771941511868632135e-01,-6.917843240920362735e-01,3.044070367985307959e-02
5.875964343005133372e-01,4.209410503827377137e-01,3.739555912649046299e-01,-5.811164068082362855e-01
5.632466891880129056e-01,-4.551562694490123850e-01,-2.578575225796616577e-01,-6.396056875521661800e-01
2.892960672962675006e-01,6.653382395044745712e-01,6.696835723903611370e-01,1.586087178262401420e-01
7.196793454019336789e-01,-1.018918657295291158e-01,5.152146201861941277e-01,-4.541294778434842860e-01
9.357713537889217337e-02,-7.221611712313813491e-01,-7.298212472389663252e-02,-6.814691276725495239e-01
6.724124882642993351e-01,2.829982475673897824e-01,5.972091111325033008e-01,3.333387392433190266e-01
4.526444059500782657e-01,-5.738403342935217699e-01,6.157665757268220297e-01,-2.943668403840078440e-01
4.333973112709097464e-01,5.901691139691622734e-01,-1.151205342094501066e-01,6.712782210852150655e-01
6.855050950079609740e-01,-2.610913675672298373e-01,4.804741814140054967e-01,4.806855765409873693e-01
6.927261736653503310e-02,7.316012349519304125e-01,-6.684961712147160506e-01,1.143407476417094004e-01
7.249438718983866048e-01,1.282519789203104277e-01,-2.921564687618575795e-01,6.104526273680880299e-01
3.172126000147826863e-01,-6.658239098229062902e-01,3.288774046478701307e-01,5.898256862939091905e-01
5.583294993122565053e-01,4.839076437686483656e-01,-6.700074360422433317e-01,-7.205274559723148786e-02
6.161973870766001005e-01,-4.100638275439210112e-01,-4.448496557239446925e-01,5.042392500612064010e-01
2.316074628647206146e-01,7.043881533965254960e-01,-1.543473790944951962e-01,-6.529718210356861841e-01
7.419425862929781568e-01,-3.576326529956103117e-02,-6.208363175093855046e-01,-2.506081689837453830e-01
1.633622464404103913e-01,-7.259639894223010037e-01,-5.619396567112552310e-01,3.612656705462569118e-01
6.574188678727007629e-01,3.513751480468937927e-01,2.959643770535290083e-02,-6.659279152995113416e-01
5.146347581076536892e-01,-5.410806347001126948e-01,-5.253608916704392007e-01,-4.078955086823598530e-01
3.851975754235148486e-01,6.412434330173258923e-01,6.350133323559689069e-01,-1.928412695202138816e-01
7.219136771475992420e-01,-2.009081388277534352e-01,2.088926123200376961e-01,-6.283633017754223227e-01
1.444997355174725733e-03,7.506493685354324041e-01,3.914196820274420952e-01,5.322725523841485007e-01
7.251911383600467831e-01,1.988152417297514019e-01,6.591091024945036070e-01,-1.206248352910712501e-02
3.853884206298257009e-01,-6.471928443242003226e-01,3.700149049858666994e-01,-5.437887067495057458e-01
5.221154322999116415e-01,5.447305874047062568e-01,2.296708062805634942e-01,6.147482275228094428e-01
6.652213199650964803e-01,-3.588448940195396730e-01,6.330503507604953173e-01,1.672070300615794702e-01
1.690610264694034914e-01,7.380112172786479352e-01,-5.009950499148521086e-01,4.192395168168370212e-01
7.576717465761457770e-01,3.359816870385578386e-02,5.274412618405965175e-02,6.496327767693683697e-01
2.345166595338963600e-01,-7.225997328404312192e-01,5.594858347377729135e-01,3.314018153658448984e-01
6.351463770946383924e-01,4.191546757028430381e-01,-5.923136314704278149e-01,2.646941621462667871e-01
5.741010573577078890e-01,-5.014605302920278618e-01,-1.257461998260898106e-01,6.349277169326420500e-01
3.310566007623866325e-01,6.880474835297732961e-01,-4.446376750977861225e-01,-4.682835950400522362e-01
7.526138015308377893e-01,-1.361374424811213901e-01,-6.375925895514277242e-01,9.227541519334767073e-02
6.927958944951330411e-02,-7.629642199904965727e-01,-2.922514892700958655e-01,5.724290388505907101e-01
7.181690660112020064e-01,2.703708196618076487e-01,-2.977798964755583588e-01,-5.678555676886560821e-01
4.525761471976913475e-01,-6.212850742515014790e-01,-6.340389066290561537e-01,-8.470154886795706883e-02
4.791474609039225174e-01,6.026534229632518613e-01,4.343195392326362758e-01,-4.675394104679846397e-01
7.096409462559969406e-01,-3.018878763661987930e-01,-1.304908603568700753e-01,-6.230935506513638478e-01
1.022122196897537194e-01,7.656581153792425543e-01,5.826087294752161361e-01,2.527595316487084576e-01
7.664857523699989406e-01,1.055102076284413076e-01,5.415282181567995234e-01,-3.288075066660156032e-01
3.062809058269199136e-01,-7.118833782480396000e-01,4.426027722565189365e-02,-6.304403939786127342e-01
6.056196160562534736e-01,4.855552936050395174e-01,4.878830020568143411e-01,3.992882590360384287e-01
6.302965088019245599e-01,-4.552125860431644466e-01,6.062514663621582089e-01,-1.672332862612376514e-01
2.713981386201161916e-01,7.299235321960351186e-01,-2.131209831858049408e-01,5.900289264315063953e-01
7.770846752998592510e-01,-6.736352807055324965e-02,3.576679277071995178e-01,5.134931508692570645e-01
1.421987710280559480e-01,-7.681998906652556247e-01,6.242012784652593016e-01,4.604504570076988802e-03
7.037319138470045088e-01,3.421492085819171636e-01,-3.633782622843501620e-01,5.056199669704570798e-01
5.179950473998972127e-01,-5.881657448110849673e-01,2.023545210292211627e-01,5.871923324763653751e-01
4.296970209427211085e-01,6.569409468840793354e-01,-5.947071607085842038e-01,-1.735294081760615781e-01
7.488200759184283628e-01,-2.396509052799908890e-01,-4.839185187404074773e-01,3.842639779111358678e-01
3.167268674104639636e-02,7.868379937538625413e-01,-3.408955548430542964e-02,-6.154028881203618129e-01
7.680748741288615511e-01,1.792520578178491419e-01,-5.207152125244345342e-01,-3.267802854298785808e-01
3.778773717094886520e-01,-6.937089659575758072e-01,-5.660516853621857525e-01,2.357160410295172648e-01
5.689442424436780277e-01,5.497990646501587086e-01,1.341759942092966285e-01,-5.966743165898350520e-01
6.824994113861306833e-01,-4.026465459402145397e-01,-4.085107491661661983e-01,-4.529782338211160719e-01
2.067136463516771050e-01,7.662586253426409977e-01,6.041383306079286530e-01,-7.165238998292439154e-02
7.948667353792423507e-01,4.776032615624117156e-03,2.896863862499995390e-01,-5.331471280251035560e-01
2.165751077973227801e-01,-7.660837324878907451e-01,-2.671895688788351042e-01,-5.429739144584594390e-01
6.818139095516406734e-01,4.133666414236967790e-01,5.959744153783258502e-01,9.524866778313902105e-02
5.808719741309208429e-01,-5.479808958068218550e-01,4.208511209007247400e-01,-4.303359403263962157e-01
3.741115065412169982e-01,7.068868496254977485e-01,1.079219466656890641e-01,5.905119947366761490e-01
7.821706378105036661e-01,-1.726576260902193682e-01,5.429076161647484744e-01,2.522890362467424263e-01
4.189561043253539618e-02,-8.011238639102479242e-01,5.181115397570063008e-01,-2.966576223032608151e-01
7.622043730082965762e-01,2.540714589776461030e-01,-5.693122989702367742e-02,5.926643422396966621e-01
4.485181177398600560e-01,-6.680512222570160752e-01,4.496801326428977452e-01,3.877200546867106690e-01
5.253064496979148457e-01,6.111196252827855169e-01,-5.746390052007060989e-01,1.427443561123971361e-01
7.300207086313443838e-01,-3.441467019591933352e-01,-2.147802170802428912e-01,5.500020644060926722e-01
1.375577350649234143e-01,7.964911688297670045e-01,-3.240140116595235931e-01,-4.916244580452666657e-01
8.055667793745761029e-01,7.959649155630592332e-02,-5.868135179834035320e-01,-1.940251560859344859e-02
2.916433889033231974e-01,-7.564196561492734228e-01,-3.537710848788810925e-01,4.664970064251426352e-01
6.524304929222611849e-01,4.832330073631305178e-01,-1.759746128401949161e-01,-5.566446336180234100e-01
6.404493343514964243e-01,-5.009565476453274879e-01,-5.544492570503696260e-01,-1.773505253905187928e-01
3.128112623437128148e-01,7.518211566928221234e-01,4.636791618814624094e-01,-3.491642841656412144e-01
8.091590529493967177e-01,-1.014923126647303969e-01,-1.716441855351915832e-02,-5.785035179112739678e-01
1.177868046578799260e-01,-8.081574451482127497e-01,-4.807534984295548375e-01,-3.191925535593585495e-01
7.487174595370688079e-01,3.291921601198272151e-01,5.366636692004902454e-01,-2.074772123879316810e-01
5.174128774505143413e-01,-6.349664178115083102e-01,1.401882903781527523e-01,-5.562812290027866480e-01
4.749716605355620014e-01,6.687701280620202970e-01,3.720261131510603225e-01,4.344479354695041651e-01
7.722112992778361606e-01,-2.801685149470518610e-01,5.678276401740581791e-01,-5.260307552187843544e-02
6.454296044420948508e-02,8.201170762501517331e-01,-2.841742094285247267e-01,4.924298997783065346e-01
8.088625044774794270e-01,1.563725882321440330e-01,2.371267416004277373e-01,5.148397526589840734e-01
3.666182691765886292e-01,-7.390907300230211696e-01,5.555430625846980996e-01,1.034787085057317785e-01
6.156787843676708727e-01,5.509599095937444124e-01,-4.041080317995247029e-01,3.925296309007950124e-01
6.959929841838458087e-01,-4.473970031938803160e-01,8.675426326969556956e-02,5.548904263947364024e-01
2.462858395082188345e-01,7.911173887342711764e-01,-5.015198945333526614e-01,-2.489063235180153100e-01
8.293121399588490039e-01,-2.679434673349282564e-02,-4.913246772195823397e-01,2.648084195320708489e-01
1.952580226451445522e-01,-8.076533861086129251e-01,-6.740299969495452959e-02,5.522926290764000878e-01
7.275375236224900233e-01,4.038216985517926738e-01,-4.106177039451575084e-01,-3.728408356213238628e-01
5.837771533822192493e-01,-5.945924425091130283e-01,-5.398071376444615321e-01,1.194668014474874057e-01
4.182824390598730013e-01,7.220310683579508337e-01,2.135788111265987110e-01,-5.080305393750937926e-01
8.084690272057151184e-01,-2.112345131578758639e-01,-2.904185865871485306e-01,-4.662776609110959591e-01
1.166599704036324486e-02,-8.366954147197499525e-01,-5.466002770292202051e-01,-3.213758938657002018e-02
8.045063986948013390e-01,2.343456676773041647e-01,3.408310170264586270e-01,-4.262461499330051362e-01
4.407021708739040089e-01,-7.140610331666532584e-01,-1.505981855872600139e-01,-5.227031891980622458e-01
5.717372634662639674e-01,6.157687788968422282e-01,5.119821851789855272e-01,1.783803648369155226e-01
7.467999665639545315e-01,-3.876823731356331959e-01,4.398645945823812520e-01,-3.138651397222656514e-01
1.750895451786997625e-01,8.241993622110588280e-01,2.146679146151910748e-03,5.385484697486786487e-01
8.422224850827069176e-01,5.074788784875149811e-02,4.393838955092699283e-01,3.082656806507965697e-01
2.735367049919230076e-01,-7.994028136816643260e-01,5.037135478572365432e-01,-1.800152054829687598e-01
6.986696035295935081e-01,4.771594048154146894e-01,-1.434976036127641741e-01,5.134083416320716076e-01
6.468403274963290261e-01,-5.471480861927984218e-01,3.350679117356282766e-01,4.122572704333125060e-01
3.556556334101377281e-01,7.702179126218979821e-01,-5.282313747382860747e-01,3.528529781793540016e-02
8.382452743569257514e-01,-1.379295019866394745e-01,-2.753335157602891936e-01,4.500130749201389779e-01
9.035870989044228474e-02,-8.458534837942887075e-01,2.075945144436021905e-01,4.829820960169487476e-01
7.923289364037288118e-01,3.127311849453711656e-01,-5.123554863987608288e-01,-1.091142431449223238e-01
5.130933720238433082e-01,-6.813767343292563838e-01,-3.836325962034193848e-01,3.539589928653095185e-01
5.208646514234362979e-01,6.768989602573948217e-01,-6.712080760899322152e-02,-5.157544083048797301e-01
7.922060101332766280e-01,-3.222653409982446648e-01,-4.581290693616363319e-01,-2.422239527912982138e-01
9.983632271422537841e-02,8.505475566756400818e-01,4.606609670812477630e-01,-2.332231461664334426e-01
8.475532155044400717e-01,1.304036402409236572e-01,7.541029282778370646e-02,-5.088828207314803898e-01
3.518282771489336103e-01,-7.832761651540363079e-01,-3.704829931049670733e-01,-3.541718005713963557e-01
6.622010700307402464e-01,5.484045544578770581e-01,5.012337389762177020e-01,-9.750346871737895771e-02
7.058537034410462541e-01,-4.929315234782206123e-01,2.091263322727590912e-01,-4.637404873958533291e-01
2.875787692629899195e-01,8.126884482808797161e-01,2.567989760110221953e-01,4.369098573157745857e-01
8.610510851003357891e-01,-6.089512581097315108e-02,5.030619738331874036e-01,4.256128502591765422e-02
1.707858807944304114e-01,-8.472912695297117880e-01,3.240596358089075646e-01,-3.845972438010941685e-01
7.722410380222157755e-01,3.907265241756319174e-01,1.262918822379197614e-01,4.847957538807486921e-01
5.829942014874271994e-01,-6.411663774185584197e-01,4.668690870603099952e-01,1.762290925116302420e-01
4.633979999489504786e-01,7.336156903606360080e-01,-4.118953197893088780e-01,2.782311234130053212e-01
8.315927109247380766e-01,-2.516671922139337436e-01,-1.073754267514603379e-02,4.949766587196808842e-01
2.119400709605942165e-02,8.697049796127490628e-01,-3.962719372303975529e-01,-2.934835843171946235e-01
8.450421213415120203e-01,2.114068959580963081e-01,-4.665764928075554763e-01,1.533535583525899304e-01
4.293240978015878673e-01,-7.592252673264060503e-01,-1.437189829994539036e-01,4.675496406004422401e-01
6.183015104305575882e-01,6.167645861260931950e-01,-2.974402920774321668e-01,-3.857900467208709716e-01
7.600983990363616716e-01,-4.323180094356005587e-01,-4.847222828178149312e-01,1.989650823351322290e-02
2.146057225085816755e-01,8.488497784452615491e-01,2.626330764118469663e-01,-4.054902029327576152e-01
8.764627556226195493e-01,1.917617027470338090e-02,-1.785654256237313720e-01,-4.467210553262692674e-01
2.521666555354890593e-01,-8.407852224772067729e-01,-4.658297430582982734e-01,-1.117803112459428150e-01
7.442357614983888814e-01,4.675190571590780997e-01,3.587721473731031452e-01,-3.143590443573914817e-01
6.496192597598965390e-01,-5.936403623819763720e-01,-4.918297402193914231e-02,-4.724055170786611857e-01
3.997499975270726313e-01,7.852178850338965566e-01,4.122481195861691927e-01,2.316987276565575793e-01
8.643943218046339361e-01,-1.764731394062764858e-01,4.253829871419372854e-01,-2.018142753875515338e-01
6.012199345403371198e-02,-8.812824651626248729e-01,8.059423174699956172e-02,-4.617695662439339488e-01
8.345050786004709620e-01,2.929638822278642918e-01,3.289320058470647790e-01,3.310244296565234556e-01
5.052096081784822612e-01,-7.272846343104909517e-01,4.581438280092083315e-01,-7.697106831185969444e-02
5.672218056461980629e-01,6.814633047343537919e-01,-2.008716052736406188e-01,4.165546611127892707e-01
8.088930088920909256e-01,-3.657568012566543847e-01,2.229971343933931649e-01,4.027236528344653177e-01
1.373517070555605180e-01,8.781648883147876727e-01,-4.554415598988403313e-01,-5.033808713996787421e-02
8.841268275069955607e-01,1.015477246540528733e-01,-3.027336949390437293e-01,3.411159955917546505e-01
3.336963031632005361e-01,-8.261913154682838378e-01,1.031176170178519369e-01,4.420649777584281792e-01
7.083892013662479448e-01,5.422943636879231644e-01,-4.184315754595074321e-01,-1.703425347893900155e-01
7.122035841791353183e-01,-5.390896188783395049e-01,-3.789116033659411520e-01,2.420215575824841703e-01
3.304055122878350459e-01,8.310456575602890306e-01,2.118481345372640046e-02,-4.469301021176922406e-01
8.901040786222481627e-01,-9.732698351453553109e-02,-3.508800763684343238e-01,-2.740900572944625080e-01
1.433555324866653269e-01,-8.849633488486766675e-01,-4.243064982768337545e-01,1.274874818170446678e-01
8.158387325903644349e-01,3.742609048582924980e-01,1.403014602804412703e-01,-4.179131940285874536e-01
5.786726035332435680e-01,-6.875719638118308330e-01,-2.588058310907320192e-01,-3.541219483362129106e-01
5.092924019117228696e-01,7.417489884421738511e-01,4.363311013149221429e-01,-6.697576076991640717e-03
8.516009592770564796e-01,-2.937673291201683412e-01,2.452863007700810116e-01,-3.582055180403135308e-01
5.648762093520131450e-02,9.001587144393377038e-01,1.499538878209816517e-01,4.050151466641371267e-01
8.837644306968533980e-01,1.854457293524624240e-01,4.150461689306246815e-01,1.109368746450491855e-01
4.145541910037012223e-01,-8.034473443986649421e-01,3.285357450857330219e-01,-2.732790729290522913e-01
6.648605792510814405e-01,6.142445340887588978e-01,3.314641054289668015e-02,4.237515521719322220e-01
7.700106775200857845e-01,-4.778834784809561365e-01,3.630856648139942910e-01,2.165172914724821651e-01
2.559173986269155376e-01,8.704874913403595205e-01,-3.843463502116492569e-01,1.703986372568285779e-01
9.082799965747365700e-01,-1.492515735918612842e-02,-8.243534059588132623e-02,4.098891339384846955e-01
2.277170143278405834e-01,-8.805074666836244512e-01,2.853812149474282411e-01,3.023394196182987437e-01
7.890224087761499305e-01,4.544724424528754358e-01,-4.093090480366119999e-01,5.800466097963551115e-02
6.489115465206405364e-01,-6.402878198843007240e-01,-1.879794657655845802e-01,3.655256939675861072e-01
4.449207869617790578e-01,7.969023188756017007e-01,-1.887121852604489447e-01,-3.624636514662208375e-01
8.876374802330085911e-01,-2.169346472687002925e-01,-4.025122829594403040e-01,-5.498112918792662923e-02
2.726619939565044781e-02,-9.144236528385061291e-01,-2.757242383133168828e-01,2.950628439952093229e-01
8.751749274970908044e-01,2.700667209792091961e-01,-8.112108932588128762e-02,-3.931312520858427639e-01
4.939119787948228479e-01,-7.725744428228147331e-01,-3.655422486865057552e-01,-1.598704222963485966e-01
6.138915179207802275e-01,6.825764731697983034e-01,3.395381660822074932e-01,-2.047935454879651895e-01
8.223403200469768803e-01,-4.104667593423803607e-01,2.875601156587970220e-02,-3.929968566017074116e-01
1.769016023544309479e-01,9.029869935854196727e-01,3.022848716865254581e-01,2.488858550610315856e-01
9.185500754220493613e-01,6.998979527150829549e-02,3.753553290621295391e-01,-1.023502049077599368e-01
3.123910695193551357e-01,-8.677544336876380493e-01,1.323886549092347653e-01,-3.631629201217044800e-01
7.541192257713468239e-01,5.327694208773853246e-01,2.185499806851263493e-01,3.157480695784709024e-01
7.151438414211165329e-01,-5.857144983500486290e-01,3.814345222808126490e-01,3.939252772835520264e-03
3.745881886752208123e-01,8.462440554621446509e-01,-2.220239666932123657e-01,3.070179892348513517e-01
9.164761234781587662e-01,-1.359042037408951797e-01,1.215519700035857797e-01,3.561273383050609920e-01
1.131467604110222153e-01,-9.206244473771544312e-01,3.584255421344874626e-01,1.057334774118339205e-01
8.582388161220368961e-01,3.545854227142518078e-01,-2.912781338392884667e-01,2.298964141675584327e-01
5.709419536505708770e-01,-7.336777889930083951e-01,1.929212362416136625e-02,3.679266251116791175e-01
5.558044991808755997e-01,7.465201244375774259e-01,-3.092418437752667559e-01,-1.953421218234140111e-01
8.685360868836133896e-01,-3.373560852880830851e-01,-3.356015866596657182e-01,1.385911704673674083e-01
9.403160639430030443e-02,9.280491606046026298e-01,8.010521233718435885e-02,-3.513772437942084825e-01
9.206168578452651463e-01,1.566362459685206043e-01,-2.387544682328675838e-01,-2.663193410153318896e-01
3.965445449306160275e-01,-8.466261638915789645e-01,-3.525832734987680572e-01,4.076270046124173818e-02
7.112763930724789185e-01,6.083275886870530558e-01,1.690477469147054490e-01,-3.089438407915938156e-01
7.766139881353597563e-01,-5.242140792963226881e-01,-1.533363270968092218e-01,-3.139399358037462950e-01
2.988455220563008830e-01,8.891423769267198240e-01,3.420731749662285770e-01,5.570574897193279751e-02
9.376547588368961961e-01,-5.137597425375153154e-02,2.410686125945923353e-01,-2.450509875958845896e-01
2.003556667461743601e-01,-9.185024057141581988e-01,-6.029751262743263118e-02,-3.355222011595426213e-01
8.329198595092673907e-01,4.381628637105869362e-01,3.061174254895504543e-01,1.433524827536989399e-01
6.448254257514318688e-01,-6.869464919515091417e-01,2.913110509599325937e-01,-1.656579581203981577e-01
4.910005141017170227e-01,8.053365337868696461e-01,-3.273962928792747279e-02,3.305747709279839852e-01
9.079924951058955251e-01,-2.591354690723955412e-01,2.487158268977270603e-01,2.157287068300829114e-01
8.032265869539756409e-03,9.452460897591701272e-01,-3.168673093826316345e-01,7.772014375058512725e-02
9.142612914071606145e-01,2.442009490860158616e-01,-1.184729721458565310e-01,3.007596089419706797e-01
4.793347332464095722e-01,-8.171286012639585872e-01,1.754258937800212692e-01,2.678895636106056188e-01
6.607246841835056061e-01,6.803359127744226242e-01,-3.169473371297151232e-01,-1.141590935417327417e-02
8.326015356501019760e-01,-4.562256791688648616e-01,-1.905083619696119057e-01,2.496785463744438938e-01
2.183086180710718527e-01,9.250198158828268902e-01,-9.284970647189316750e-02,-2.967467261960665126e-01
9.507809867571346274e-01,3.590198770443604748e-02,-2.928673531683245179e-01,-9.463231978652900112e-02
2.880667834400721938e-01,-9.078788965376883846e-01,-2.438550930147283524e-01,1.825051536553918274e-01
7.992664126276025627e-01,5.199546991281096542e-01,-8.048802022130792724e-03,-3.012565838052482237e-01
7.147611035967749160e-01,-6.326526513697073861e-01,-2.478634198008485556e-01,-1.656228022484474149e-01
4.199559221172297629e-01,8.583256730278242541e-01,2.752900954012963419e-01,-1.054960941170105942e-01
9.401617082063375985e-01,-1.764511969994573826e-01,7.206258601778275930e-02,-2.824321532623891295e-01
8.032691224798901852e-02,-9.542220782756516417e-01,-1.867495510082519405e-01,-2.193910155366812220e-01
8.993458511918175358e-01,3.318468810220538967e-01,2.835634571090522860e-01,-2.542544576526940131e-02
5.599177637280758901e-01,-7.793526386442473086e-01,1.412947906286829425e-01,-2.431817111568973233e-01
6.027770838731300040e-01,7.480049128564635330e-01,1.154524345691908399e-01,2.526245689794377469e-01
8.824287561789676548e-01,-3.822619229905591109e-01,2.694316256926491682e-01,5.100893624274279586e-02
1.336527751386366869e-01,9.533597160556664951e-01,-1.946827536906345080e-01,1.879915235201623236e-01
9.555369098821187013e-01,1.251405264210272150e-01,4.046453742511274543e-02,2.639160542880474858e-01
3.754342339377515492e-01,-8.886580886300273763e-01,2.355192917644219341e-01,1.177565314824834120e-01
7.574119292651108060e-01,5.991196515779655396e-01,-2.288684846170001008e-01,1.224827712338269203e-01
7.799733673870398176e-01,-5.711495939479621642e-01,-3.173657859342846055e-02,2.538158329954677273e-01
3.432185434377351685e-01,9.048339455062899273e-01,-1.860253278328737048e-01,-1.699150961647371283e-01
9.645597295158364615e-01,-9.000605922012422377e-02,-2.423362284550127921e-01,5.288279378209763404e-02
1.702389839671032690e-01,-9.546980547994472488e-01,-9.525295097475441897e-02,2.247157934605421015e-01
8.758168872275733374e-01,4.187213781824425940e-01,-1.263010632638931763e-01,-2.041206234519434004e-01
6.374570741080289871e-01,-7.334742096145104862e-01,-2.354836984637848352e-01,-1.454270462524986408e-02
5.378266164427307761e-01,8.105748535118542097e-01,1.452674344560205832e-01,-1.805777117657817732e-01
9.254679634756466378e-01,-3.029046650024384002e-01,-6.233958125637824310e-02,-2.187957703173884771e-01
4.560668098658255537e-02,9.737121459391312461e-01,2.105271464750707588e-01,7.404733686679153271e-02
9.516832125998231362e-01,2.155168215144233901e-01,1.784403088879244481e-01,-1.265330733997325763e-01
4.616006588675957700e-01,-8.608288995108154262e-01,-2.218285908255889513e-04,-2.142390914190878681e-01
7.075746372192358580e-01,6.748279930945861871e-01,1.712527387688960456e-01,1.209041437013317205e-01
8.397203596179795282e-01,-5.028692972761921176e-01,1.931700851448446832e-01,-6.839229273195517045e-02
2.614030168871791515e-01,9.442612987210061704e-01,-5.443132366196978822e-02,1.925520540124303626e-01
9.807720207656737132e-01,-5.529766874352446326e-04,1.226407579410803139e-01,1.518063964121319220e-01
2.608672114041379331e-01,-9.464752957759799967e-01,1.897002075421536094e-01,-1.210965558815932548e-02
8.437061681642262778e-01,5.039644970646626199e-01,-9.695230961688797167e-02,1.574164450111585067e-01
7.111318821872046891e-01,-6.797535462481117952e-01,7.040218168595867299e-02,1.651365959254861293e-01
4.663433699086815820e-01,8.673237134093674250e-01,-1.700686249035096576e-01,-3.674371134533537669e-02
9.611484018178584332e-01,-2.187999935625609127e-01,-1.240198542906504470e-01,1.137514318227504095e-01
4.505424099236116781e-02,-9.856992076027059069e-01,2.048035338529204455e-02,1.610830302211054554e-01
9.390625039401701013e-01,3.061822189377070846e-01,-1.379150187381354975e-01,-7.344052087546587559e-02
5.457056576097313316e-01,-8.244661289299463069e-01,-1.339091946212180306e-01,6.729981497669032531e-02
6.500563788555538958e-01,7.462699858691923538e-01,2.140997331939915871e-02,-1.415959940904495118e-01
8.933018132513016463e-01,-4.283190200562388972e-01,-9.818390477131241911e-02,-9.441720364349848182e-02
1.751854626202205834e-01,9.760678722233098181e-01,1.265483356524354785e-01,-2.422975946225091118e-02
9.884584871853797639e-01,9.111191805241736219e-02,5.007971655882882678e-02,-1.101837532914329704e-01
3.513530634586365942e-01,-9.294383854232788345e-01,-5.680669430495285249e-02,-9.730525156508067208e-02
8.031316003379974644e-01,5.867175172419238915e-01,1.032493343472817432e-01,9.042259498777098156e-03
7.801455752217653083e-01,-6.185336037451004687e-01,6.061953252047551366e-02,-7.151457737412010573e-02
3.888707389460448471e-01,9.175748530183012175e-01,2.060672169833433626e-02,8.007059710560049393e-02
9.889626358974173970e-01,-1.306525633075462101e-01,6.530165198667692295e-02,2.486979589403449931e-02
1.375150007971879806e-01,-9.890196848676721109e-01,4.494175906950970134e-02,-3.016497624295670296e-02
9.176018860815852163e-01,3.962703826423539244e-01,-7.699291685473683708e-04,3.124051390543087711e-02
