8.651792407035827637e-01,-2.209708653390407562e-02,-3.827327862381935120e-02,4.995114803314208984e-01
8.643323183059692383e-01,-5.412658676505088806e-02,-3.125000000000000000e-02,-4.990224838256835938e-01
3.410166501998901367e-01,2.618046291172504425e-02,-7.193022966384887695e-02,9.369355440139770508e-01
9.809532761573791504e-01,-5.069747194647789001e-02,7.240349799394607544e-02,1.729685366153717041e-01
6.396412849426269531e-01,9.844513237476348877e-02,8.612832985818386078e-03,-7.622948288917541504e-01
6.390101909637451172e-01,-1.078412383794784546e-01,9.434886276721954346e-03,7.615426778793334961e-01
9.780524969100952148e-01,6.706645339727401733e-02,9.578081965446472168e-02,-1.724570393562316895e-01
3.393375873565673828e-01,-1.248810291290283203e-01,-5.452423356473445892e-03,-9.323223829269409180e-01
1.150680407881736755e-01,-1.157718226313591003e-01,-6.461431831121444702e-02,9.844700098037719727e-01
9.092049598693847656e-01,-1.397394686937332153e-01,2.032571472227573395e-03,3.921927213668823242e-01
7.934598326683044434e-01,7.512617111206054688e-02,1.258587837219238281e-01,-5.907089710235595703e-01
4.435086250305175781e-01,-1.112343464046716690e-02,1.526884734630584717e-01,8.830983042716979980e-01
9.855528473854064941e-01,1.434203535318374634e-01,-6.943507492542266846e-02,5.740191787481307983e-02
5.419440865516662598e-01,9.286621958017349243e-02,-1.368196457624435425e-01,-8.239859342575073242e-01
7.166395783424377441e-01,1.561622768640518188e-01,7.007294148206710815e-02,6.761145591735839844e-01
9.429021477699279785e-01,-8.276452869176864624e-02,1.562051028013229370e-01,-2.822863757610321045e-01
2.267549633979797363e-01,1.820968091487884521e-01,-6.624146364629268646e-03,-9.567544460296630859e-01
2.265258133411407471e-01,-7.800305634737014771e-02,1.705044656991958618e-01,9.557875394821166992e-01
9.400462508201599121e-01,1.917777210474014282e-01,-1.818461716175079346e-02,2.814313769340515137e-01
7.130256295204162598e-01,-1.948841512203216553e-01,-3.290387988090515137e-02,-6.727049946784973145e-01
5.381217598915100098e-01,-1.472776872105896473e-03,-2.025177925825119019e-01,8.181744217872619629e-01
9.766246676445007324e-01,-1.049472615122795105e-01,-1.787591129541397095e-01,-5.688190832734107971e-02
4.386028945446014404e-01,-1.046362891793251038e-01,1.843179911375045776e-01,-8.733301758766174316e-01
7.830978035926818848e-01,1.101659052073955536e-02,2.162258923053741455e-01,5.829946994781494141e-01
8.955181837081909180e-01,1.854966133832931519e-01,-1.200796961784362793e-01,-3.862888216972351074e-01
1.131068393588066101e-01,1.025972962379455566e-01,-2.006365954875946045e-01,-9.676908850669860840e-01
3.773912787437438965e-02,1.348887234926223755e-01,-1.858478039503097534e-01,9.725437760353088379e-01
8.602289557456970215e-01,-1.816670000553131104e-01,1.472569257020950317e-01,4.531209766864776611e-01
8.216785788536071777e-01,2.222268432378768921e-01,8.518130332231521606e-02,-5.178838372230529785e-01
3.669525384902954102e-01,-2.376364767551422119e-01,-4.607230052351951599e-02,8.981937766075134277e-01
9.603371620178222656e-01,8.022297918796539307e-02,2.326180338859558105e-01,1.311703920364379883e-01
5.931479334831237793e-01,-2.116580158472061157e-01,1.330446749925613403e-01,-7.652944326400756836e-01
6.499906778335571289e-01,-1.703788042068481445e-01,-1.882131397724151611e-01,7.162813544273376465e-01
9.443259239196777344e-01,-2.452931255102157593e-01,-7.897806912660598755e-02,-2.045539021492004395e-01
2.947053313255310059e-01,5.504155158996582031e-02,2.555969655513763428e-01,-9.191242456436157227e-01
1.489874869585037231e-01,1.345260441303253174e-01,2.285065501928329468e-01,9.526228308677673340e-01
8.985439538955688477e-01,1.324313282966613770e-01,-2.339392453432083130e-01,3.469194769859313965e-01
7.489234805107116699e-01,-2.311343559995293617e-03,-2.724213898181915283e-01,-6.040652990341186523e-01
4.643484055995941162e-01,2.713831961154937744e-01,-5.022985860705375671e-02,8.415513634681701660e-01
9.599626660346984863e-01,-1.269545704126358032e-01,2.490131258964538574e-01,1.861845515668392181e-02
4.955795705318450928e-01,2.825965583324432373e-01,-1.474156696349382401e-02,-8.211715817451477051e-01
7.218720912933349609e-01,-2.790859043598175049e-01,6.436080485582351685e-02,6.299757361412048340e-01
9.055461287498474121e-01,1.975921392440795898e-01,2.119946330785751343e-01,-3.098415732383728027e-01
1.842456758022308350e-01,-1.375633031129837036e-01,-2.588703036308288574e-01,-9.381449818611145020e-01
2.561166882514953613e-01,-6.826551631093025208e-03,-2.963849306106567383e-01,9.200617671012878418e-01
9.238644242286682129e-01,-1.558072865009307861e-01,-2.560621798038482666e-01,2.379721105098724365e-01
6.673049926757812500e-01,-1.454079151153564453e-01,2.658070921897888184e-01,-6.803728342056274414e-01
5.535639524459838867e-01,1.866886466741561890e-01,2.426877617835998535e-01,7.744784951210021973e-01
9.464784860610961914e-01,1.180401444435119629e-01,-2.859539389610290527e-01,-9.206183999776840210e-02
3.930861651897430420e-01,-4.116492718458175659e-02,-3.097768425941467285e-01,-8.647699356079101562e-01
7.825251817703247070e-01,3.008868992328643799e-01,-9.527037292718887329e-02,5.366982221603393555e-01
8.551279306411743164e-01,-3.183683156967163086e-01,1.428689062595367432e-02,-4.088933467864990234e-01
7.337203621864318848e-02,1.731986999511718750e-01,2.711417376995086670e-01,-9.439814090728759766e-01
7.329206913709640503e-02,-2.974144220352172852e-01,1.304354369640350342e-01,9.429525732994079590e-01
8.523348569869995117e-01,2.640793621540069580e-01,1.941235810518264771e-01,4.075578153133392334e-01
7.782699465751647949e-01,-3.176185786724090576e-01,9.215985238552093506e-02,-5.337797999382019043e-01
3.900968730449676514e-01,-1.472106575965881348e-01,-2.994280457496643066e-01,8.581936359405517578e-01
9.372342824935913086e-01,-2.796232104301452637e-01,-1.873288750648498535e-01,9.116267412900924683e-02
5.469629764556884766e-01,-2.261241152882575989e-02,3.387079238891601562e-01,-7.652431726455688477e-01
6.579109430313110352e-01,-2.145936787128448486e-01,2.667153179645538330e-01,6.707948446273803711e-01
9.088737964630126953e-01,3.410864174365997314e-01,5.292150005698204041e-02,-2.341107577085494995e-01
2.514118254184722900e-01,3.244776427745819092e-01,-1.257299184799194336e-01,-9.031602144241333008e-01
1.804668903350830078e-01,3.491736054420471191e-01,3.353616967797279358e-02,9.189041256904602051e-01
8.850405812263488770e-01,9.790554642677307129e-02,3.397271037101745605e-01,3.028253614902496338e-01
7.039877176284790039e-01,2.471681982278823853e-01,-2.566339969635009766e-01,-6.143680810928344727e-01
4.822479486465454102e-01,-2.003728896379470825e-01,2.979210615158081055e-01,7.990811467170715332e-01
9.321018457412719727e-01,3.608970344066619873e-01,2.475290931761264801e-02,-1.807809434831142426e-02
4.498884677886962891e-01,-3.447374701499938965e-01,-1.181887537240982056e-01,-8.153452277183532715e-01
7.240192890167236328e-01,5.694431439042091370e-02,-3.626609444618225098e-01,5.839781165122985840e-01
8.667695522308349609e-01,-1.329684406518936157e-01,-3.450190424919128418e-01,-3.346516788005828857e-01
1.434054374694824219e-01,-2.339645177125930786e-01,2.897110283374786377e-01,-9.169312715530395508e-01
2.830447852611541748e-01,2.738543152809143066e-01,2.561812102794647217e-01,8.827574253082275391e-01
9.049825668334960938e-01,8.552003651857376099e-02,-3.677831590175628662e-01,1.960316002368927002e-01
6.215505003929138184e-01,-1.105787456035614014e-01,-3.637356162071228027e-01,-6.849406361579895020e-01
5.659565925598144531e-01,3.412907421588897705e-01,-1.732195019721984863e-01,7.302114367485046387e-01
9.143120646476745605e-01,-3.769824206829071045e-01,7.950946688652038574e-02,-1.248839199542999268e-01
3.486029207706451416e-01,2.590359747409820557e-01,2.886017858982086182e-01,-8.532791733741760254e-01
7.788848876953125000e-01,-3.071913421154022217e-01,-2.407846152782440186e-01,4.909119904041290283e-01
8.136457204818725586e-01,-5.528091639280319214e-02,3.888970315456390381e-01,-4.285835027694702148e-01
3.561745211482048035e-02,-3.868743777275085449e-01,-8.110614866018295288e-02,-9.178678393363952637e-01
1.186137832701206207e-02,-3.845458924770355225e-01,-1.016246750950813293e-01,9.174182415008544922e-01
7.995090484619140625e-01,-3.862009644508361816e-01,1.049050241708755493e-01,4.479163289070129395e-01
7.867450118064880371e-01,2.856770455837249756e-01,2.837216854095458984e-01,-4.678919613361358643e-01
3.237887620925903320e-01,7.170496881008148193e-02,3.986488282680511475e-01,8.550428748130798340e-01
9.013284444808959961e-01,3.112236857414245605e-01,-2.629742324352264404e-01,1.469401866197586060e-01
5.772410631179809570e-01,1.388501226902008057e-01,-3.856026232242584229e-01,-7.062747478485107422e-01
5.946089029312133789e-01,4.061967432498931885e-01,7.018601894378662109e-02,6.903031468391418457e-01
8.940708041191101074e-01,-3.046953976154327393e-01,2.811329066753387451e-01,-1.695949584245681763e-01
2.998076677322387695e-01,3.980585336685180664e-01,1.240061298012733459e-01,-8.580718040466308594e-01
1.170454025268554688e-01,-2.910859286785125732e-01,3.017452955245971680e-01,9.002883434295654297e-01
8.372015953063964844e-01,4.091161787509918213e-01,1.017759144306182861e-01,3.483664095401763916e-01
7.194389700889587402e-01,-3.708553612232208252e-01,-2.053139209747314453e-01,-5.502000451087951660e-01
4.164153635501861572e-01,1.385432630777359009e-01,-4.030463993549346924e-01,8.030925393104553223e-01
9.026271700859069824e-01,-8.197843283414840698e-02,-4.205630719661712646e-01,4.087112471461296082e-02
4.861264824867248535e-01,-3.249438405036926270e-01,2.827691435813903809e-01,-7.603513598442077637e-01
6.635878086090087891e-01,2.431084662675857544e-01,3.583270609378814697e-01,6.100419759750366211e-01
8.590713739395141602e-01,1.897467076778411865e-01,-3.917260766029357910e-01,-2.693386077880859375e-01
1.960449665784835815e-01,-3.169971704483032227e-02,-4.363500773906707764e-01,-8.775876760482788086e-01
2.184042036533355713e-01,1.683581024408340454e-01,-4.062202870845794678e-01,8.711717724800109863e-01
8.626127243041992188e-01,-2.691079080104827881e-01,3.505615890026092529e-01,2.461437582969665527e-01
6.436905264854431152e-01,4.403344988822937012e-01,5.806162953376770020e-02,-6.232149600982666016e-01
5.013601779937744141e-01,-4.459183812141418457e-01,1.937896758317947388e-02,7.412281632423400879e-01
8.915133476257324219e-01,2.409142106771469116e-01,3.783281743526458740e-01,-6.349900364875793457e-02
3.902869224548339844e-01,-4.489709436893463135e-01,-3.937125951051712036e-02,-8.028393983840942383e-01
7.219834327697753906e-01,-3.937782719731330872e-02,-4.511402249336242676e-01,5.231269001960754395e-01
8.130322694778442383e-01,-2.609059214591979980e-01,-3.727725148200988770e-01,-3.632454872131347656e-01
9.182301908731460571e-02,-1.932828277349472046e-01,4.142778515815734863e-01,-8.846378922462463379e-01
4.591617360711097717e-02,8.841771632432937622e-02,4.506881535053253174e-01,8.871043920516967773e-01
7.902331948280334473e-01,3.476971387863159180e-01,-3.033106029033660889e-01,4.032875895500183105e-01
7.434497475624084473e-01,1.501432806253433228e-01,-4.385210871696472168e-01,-4.821189641952514648e-01
3.452655375003814697e-01,4.600078761577606201e-01,7.203911989927291870e-02,8.148587942123413086e-01
8.772253394126892090e-01,-1.024291291832923889e-01,4.563532471656799316e-01,1.082853749394416809e-01
5.317246317863464355e-01,4.484166204929351807e-01,-1.400916427373886108e-01,-7.046742439270019531e-01
6.008812189102172852e-01,-4.191198050975799561e-01,2.167829573154449463e-01,6.452019214630126953e-01
8.581217527389526367e-01,3.990381956100463867e-01,2.556910216808319092e-01,-1.975288391113281250e-01
2.576707601547241211e-01,-3.206486701965332031e-01,-3.517768085002899170e-01,-8.408586382865905762e-01
1.469278037548065186e-01,-1.292183697223663330e-01,-4.602371454238891602e-01,8.659657239913940430e-01
8.223692178726196289e-01,-3.434835076332092285e-01,-3.353920578956604004e-01,3.053523898124694824e-01
6.747695803642272949e-01,-1.192182600498199463e-01,4.671283364295959473e-01,-5.588059425354003906e-01
4.325925111770629883e-01,1.510709822177886963e-01,4.599484205245971680e-01,7.605844736099243164e-01
8.738649487495422363e-01,3.241336941719055176e-01,-3.623057603836059570e-01,5.648901220411062241e-03
4.412592053413391113e-01,9.996567666530609131e-02,-4.777950644493103027e-01,-7.530000209808349609e-01
6.640833616256713867e-01,4.898906350135803223e-01,1.554204057902097702e-02,5.645873546600341797e-01
8.199327588081359863e-01,-4.710787832736968994e-01,-1.423807591199874878e-01,-2.924427986145019531e-01
1.565014272928237915e-01,1.126856878399848938e-01,4.810847640037536621e-01,-8.551998138427734375e-01
2.436427921056747437e-01,-4.824044108390808105e-01,-1.156707704067230225e-01,8.333933353424072266e-01
8.424677848815917969e-01,1.415869146585464478e-01,4.774934649467468262e-01,2.054292112588882446e-01
5.983622074127197266e-01,-3.698304891586303711e-01,3.364898264408111572e-01,-6.260692477226257324e-01
5.119853615760803223e-01,-3.971404731273651123e-01,-3.069732487201690674e-01,6.970780491828918457e-01
8.585569858551025391e-01,-4.993446171283721924e-01,-6.753663718700408936e-02,-9.472940117120742798e-02
3.467856347560882568e-01,1.919177770614624023e-01,4.680031538009643555e-01,-7.898609638214111328e-01
7.167001366615295410e-01,-1.116494536399841309e-01,4.953250586986541748e-01,4.780465066432952881e-01
7.713335156440734863e-01,4.866216480731964111e-01,-1.515420377254486084e-01,-3.811547458171844482e-01
5.550371110439300537e-02,3.469527065753936768e-01,-3.759555220603942871e-01,-8.574383854866027832e-01
7.755045592784881592e-02,4.023709893226623535e-01,-3.190132677555084229e-01,8.545841574668884277e-01
7.778331637382507324e-01,8.172398433089256287e-03,5.153234004974365234e-01,3.596534729003906250e-01
6.994535923004150391e-01,4.438197016716003418e-01,-2.657107412815093994e-01,-4.931394457817077637e-01
3.637028038501739502e-01,-3.923610746860504150e-01,3.399765193462371826e-01,7.734268307685852051e-01
8.505192995071411133e-01,4.923832118511199951e-01,1.704205423593521118e-01,7.164157181978225708e-02
4.866494238376617432e-01,-4.330469369888305664e-01,-2.931004166603088379e-01,-6.998105645179748535e-01
6.038598418235778809e-01,2.142107188701629639e-01,-4.790661633014678955e-01,5.999689102172851562e-01
8.204103112220764160e-01,-5.421238765120506287e-02,-5.238366127014160156e-01,-2.226727753877639771e-01
2.170709371566772461e-01,-4.280489087104797363e-01,3.099532425403594971e-01,-8.207212090492248535e-01
1.741209179162979126e-01,4.825487434864044189e-01,2.199925333261489868e-01,8.297179937362670898e-01
8.045219779014587402e-01,-5.093116685748100281e-02,-5.297255516052246094e-01,2.637068033218383789e-01
6.297780275344848633e-01,-3.100340366363525391e-01,-4.347817301750183105e-01,-5.641129016876220703e-01
4.455730319023132324e-01,3.756193518638610840e-01,-3.821249306201934814e-01,7.171856760978698730e-01
8.427307009696960449e-01,-4.632894694805145264e-01,2.728101313114166260e-01,-2.724731527268886566e-02
3.972217440605163574e-01,4.694833457469940186e-01,2.657085359096527100e-01,-7.424279451370239258e-01
6.612592339515686035e-01,-5.101941227912902832e-01,-1.807504147291183472e-01,5.193914175033569336e-01
7.793570756912231445e-01,9.889061003923416138e-02,5.339874029159545898e-01,-3.125390410423278809e-01
1.188468560576438904e-01,-4.854409396648406982e-01,-2.474309802055358887e-01,-8.300604820251464844e-01
2.659548819065093994e-01,-3.238190114498138428e-01,-4.404195249080657959e-01,7.940024137496948242e-01
8.194600343704223633e-01,-5.022786855697631836e-01,-2.202211767435073853e-01,1.664452254772186279e-01
5.531017184257507324e-01,6.061807647347450256e-02,5.468636155128479004e-01,-6.255750656127929688e-01
5.192972421646118164e-01,-2.648629546165466309e-01,4.842882454395294189e-01,6.524131298065185547e-01
8.234959244728088379e-01,5.536032915115356445e-01,-1.280693616718053818e-02,-1.233444064855575562e-01
3.044987916946411133e-01,4.745351374149322510e-01,-2.888081669807434082e-01,-7.737485170364379883e-01
7.081155776977539062e-01,3.679817020893096924e-01,4.184929430484771729e-01,4.336190223693847656e-01
7.285487651824951172e-01,-3.250180184841156006e-01,4.548222720623016357e-01,-3.958746492862701416e-01
2.140640653669834137e-02,5.581326484680175781e-01,5.423140898346900940e-02,-8.277007937431335449e-01
2.137589268386363983e-02,-8.326640725135803223e-02,5.563029050827026367e-01,8.265209197998046875e-01
7.254374623298645020e-01,5.250186324119567871e-01,-2.066755890846252441e-01,3.941840529441833496e-01
7.030826807022094727e-01,-5.623376965522766113e-01,6.394371390342712402e-02,-4.305371046066284180e-01
3.014731705188751221e-01,-1.611101329326629639e-01,-5.443428754806518555e-01,7.660602331161499023e-01
8.129902482032775879e-01,-4.129425883293151855e-01,-3.920423090457916260e-01,1.217708513140678406e-01
5.112113952636718750e-01,-1.334474533796310425e-01,5.553050041198730469e-01,-6.422546505928039551e-01
5.429378151893615723e-01,1.863722354173660278e-01,5.416552424430847168e-01,6.140794157981872559e-01
8.021088838577270508e-01,3.770181536674499512e-01,-4.335151910781860352e-01,-1.629209369421005249e-01
2.595815360546112061e-01,1.100739389657974243e-01,-5.656102895736694336e-01,-7.749749422073364258e-01
1.156681030988693237e-01,3.532454967498779297e-01,-4.573860466480255127e-01,8.078592419624328613e-01
7.563492059707641602e-01,-4.609310328960418701e-01,3.513973355293273926e-01,3.033123612403869629e-01
6.399077177047729492e-01,5.363368988037109375e-01,2.241280227899551392e-01,-5.026206374168395996e-01
3.832993209362030029e-01,-5.687448382377624512e-01,-1.279573142528533936e-01,7.164062261581420898e-01
8.108734488487243652e-01,1.740561425685882568e-01,5.581230521202087402e-01,2.621730044484138489e-02
4.275058805942535400e-01,-5.699332952499389648e-01,1.375718712806701660e-01,-6.881051659584045410e-01
6.025170683860778809e-01,-2.351148277521133423e-01,-5.389101505279541016e-01,5.396944284439086914e-01
7.674995064735412598e-01,-4.744049608707427979e-01,-3.501373827457427979e-01,-2.515715658664703369e-01
1.656338721513748169e-01,-6.621058285236358643e-02,5.875589847564697266e-01,-7.892756462097167969e-01
2.059005647897720337e-01,1.223038882017135620e-01,5.801760554313659668e-01,7.784872651100158691e-01
7.759687900543212891e-01,4.425193965435028076e-01,-3.971047997474670410e-01,2.106106132268905640e-01
5.695163011550903320e-01,1.851900964975357056e-01,-5.667216181755065918e-01,-5.658466815948486328e-01
4.576597213745117188e-01,5.918891429901123047e-01,8.419682830572128296e-02,6.581228375434875488e-01
7.975661158561706543e-01,-4.282825291156768799e-01,4.194628596305847168e-01,-6.718117743730545044e-02
3.400828242301940918e-01,5.789736509323120117e-01,1.616094857454299927e-01,-7.231981158256530762e-01
6.521568894386291504e-01,-5.998556017875671387e-01,-5.877476558089256287e-02,4.597935974597930908e-01
7.231596708297729492e-01,2.496959120035171509e-01,5.503510832786560059e-01,-3.343736231327056885e-01
7.189293205738067627e-02,-9.901005774736404419e-02,-5.978164672851562500e-01,-7.922397851943969727e-01
5.130708962678909302e-02,-5.461522378027439117e-03,-6.075448989868164062e-01,7.926076650619506836e-01
7.109687924385070801e-01,-3.093173205852508545e-01,-5.248014330863952637e-01,3.513254821300506592e-01
6.587159633636474609e-01,-3.006207048892974854e-01,5.316709876060485840e-01,-4.393704533576965332e-01
3.178144097328186035e-01,5.410813689231872559e-01,2.867593765258789062e-01,7.238742709159851074e-01
7.845719456672668457e-01,-2.225751057267189026e-02,-6.135615110397338867e-01,8.656621724367141724e-02
4.665215611457824707e-01,-3.268999457359313965e-01,-5.215771198272705078e-01,-6.351782083511352539e-01
5.436609983444213867e-01,4.580636322498321533e-01,-4.135662913322448730e-01,5.688350796699523926e-01
7.632493972778320312e-01,-5.509014725685119629e-01,2.816381454467773438e-01,-1.861124187707901001e-01
2.200975418090820312e-01,5.206797719001770020e-01,3.371323645114898682e-01,-7.528555393218994141e-01
1.409703046083450317e-01,-5.363091230392456055e-01,3.147876262664794922e-01,7.703301906585693359e-01
7.364351749420166016e-01,5.421324968338012695e-01,3.078379631042480469e-01,2.626619935035705566e-01
5.947372317314147949e-01,-5.756946802139282227e-01,2.433117926120758057e-01,-5.056309700012207031e-01
3.940412402153015137e-01,-3.404315710067749023e-01,-5.260080695152282715e-01,6.724234819412231445e-01
7.781024575233459473e-01,-5.592123270034790039e-01,-2.860294282436370850e-01,-5.029866471886634827e-03
3.840742707252502441e-01,3.197627142071723938e-02,6.288576126098632812e-01,-6.752796173095703125e-01
5.973578691482543945e-01,-3.353273570537567139e-01,5.347831845283508301e-01,4.946979582309722900e-01
7.259185910224914551e-01,6.323437094688415527e-01,2.306675724685192108e-02,-2.695394754409790039e-01
1.293201446533203125e-01,5.605212450027465820e-01,-2.969169914722442627e-01,-7.621893286705017090e-01
2.261348366737365723e-01,6.356934905052185059e-01,-1.380664482712745667e-02,7.379472851753234863e-01
7.509144544601440430e-01,-2.786632813513278961e-02,6.367679834365844727e-01,1.728510558605194092e-01
5.242862105369567871e-01,5.667479038238525391e-01,-2.949575185775756836e-01,-5.629572272300720215e-01
4.625980556011199951e-01,-5.081301927566528320e-01,3.898204565048217773e-01,6.130634546279907227e-01
7.609645128250122070e-01,5.930665135383605957e-01,2.457263916730880737e-01,-9.393405169248580933e-02
2.986356914043426514e-01,-5.104649662971496582e-01,-3.917754590511322021e-01,-7.048079371452331543e-01
6.411714553833007812e-01,2.978822886943817139e-01,-5.720854401588439941e-01,4.157926142215728760e-01
6.795335412025451660e-01,-2.813491597771644592e-02,-6.458925604820251465e-01,-3.467931151390075684e-01
3.936889767646789551e-02,-5.465644598007202148e-01,3.481223583221435547e-01,-7.606104016304016113e-01
7.850004732608795166e-02,4.680535197257995605e-01,4.503342211246490479e-01,7.562822103500366211e-01
6.930359601974487305e-01,1.563347429037094116e-01,-6.319711804389953613e-01,3.096337020397186279e-01
6.136259436607360840e-01,-1.810113787651062012e-01,-6.269099712371826172e-01,-4.446143805980682373e-01
3.307407498359680176e-01,5.872958898544311523e-01,-2.877809703350067139e-01,6.803500652313232422e-01
7.532820105552673340e-01,-6.432310342788696289e-01,1.262589842081069946e-01,5.365333333611488342e-02
4.223810434341430664e-01,4.319373369216918945e-01,4.950461983680725098e-01,-6.244626641273498535e-01
5.406985282897949219e-01,-5.124946832656860352e-01,-4.134524762630462646e-01,5.234991312026977539e-01
7.224639654159545898e-01,-1.020420417189598083e-01,6.520232558250427246e-01,-2.061527520418167114e-01
1.823820918798446655e-01,-6.596357822418212891e-01,4.879163578152656555e-02,-7.274866104125976562e-01
1.632286757230758667e-01,-6.127328872680664062e-01,-2.530050575733184814e-01,7.306868433952331543e-01
7.131620049476623535e-01,-6.586034893989562988e-01,8.745130896568298340e-02,2.235926836729049683e-01
5.492551922798156738e-01,4.059318900108337402e-01,5.278055071830749512e-01,-5.049350261688232422e-01
4.011810719966888428e-01,2.984866313636302948e-02,6.666495203971862793e-01,6.274880766868591309e-01
7.427000999450683594e-01,5.636430978775024414e-01,-3.599612414836883545e-01,-3.362959623336791992e-02
3.416207730770111084e-01,3.088206946849822998e-01,-5.948516726493835449e-01,-6.588448286056518555e-01
5.884674787521362305e-01,6.408292651176452637e-01,2.012702077627182007e-01,4.500379264354705811e-01
6.827598810195922852e-01,-5.509792566299438477e-01,3.867128491401672363e-01,-2.841019630432128906e-01
9.517003595829010010e-02,6.117068529129028320e-01,2.844166159629821777e-01,-7.320277094841003418e-01
2.430496364831924438e-01,-5.298308730125427246e-01,4.198934435844421387e-01,6.956260800361633301e-01
7.226514220237731934e-01,6.298954486846923828e-01,2.494315207004547119e-01,1.370786726474761963e-01
4.791720211505889893e-01,-5.450305938720703125e-01,-4.048198759555816650e-01,-5.562883019447326660e-01
4.637871980667114258e-01,3.046696186065673828e-01,-6.083313822746276855e-01,5.674600005149841309e-01
7.220119833946228027e-01,-4.039901494979858398e-02,-6.805965304374694824e-01,-1.177069023251533508e-01
2.585956454277038574e-01,-5.704089999198913574e-01,3.760724365711212158e-01,-6.828846335411071777e-01
6.264548897743225098e-01,1.147323697805404663e-01,6.749714612960815430e-01,3.725644350051879883e-01
6.347077488899230957e-01,5.282734036445617676e-01,-4.377560317516326904e-01,-3.555881679058074951e-01
9.388115257024765015e-03,2.391147166490554810e-01,-6.445776820182800293e-01,-7.261236906051635742e-01
3.123648464679718018e-03,2.507061362266540527e-01,-6.416820287704467773e-01,7.248316407203674316e-01
6.281136274337768555e-01,-4.090822041034698486e-01,5.560703873634338379e-01,3.590414226055145264e-01
6.238287091255187988e-01,6.875166893005371094e-01,7.639647275209426880e-02,-3.637610971927642822e-01
2.494396120309829712e-01,-6.917452812194824219e-01,4.424019157886505127e-02,6.762478351593017578e-01
7.090310454368591309e-01,3.849658370018005371e-01,5.781203508377075195e-01,1.218731403350830078e-01
4.591919183731079102e-01,-6.944075226783752441e-01,-4.661752283573150635e-02,-5.520578026771545410e-01
4.630534350872039795e-01,-7.482369989156723022e-02,-6.933466196060180664e-01,5.470405817031860352e-01
7.039356231689453125e-01,-4.122979640960693359e-01,-5.641734004020690918e-01,-1.272531449794769287e-01
2.413015514612197876e-01,-2.830038368701934814e-01,6.404242515563964844e-01,-6.719666719436645508e-01
8.577834814786911011e-02,-6.733096390962600708e-02,6.983222961425781250e-01,7.074281573295593262e-01
6.542780399322509766e-01,6.396958231925964355e-01,-2.914273440837860107e-01,2.788899540901184082e-01
5.675659179687500000e-01,4.090852439403533936e-01,-5.733611583709716797e-01,-4.263509511947631836e-01
3.206936419010162354e-01,6.369375586509704590e-01,3.039036691188812256e-01,6.317505240440368652e-01
7.060810923576354980e-01,2.940457314252853394e-02,7.064951062202453613e-01,3.807214275002479553e-02
3.852573335170745850e-01,5.983055830001831055e-01,-3.794516324996948242e-01,-5.912898182868957520e-01
5.143960118293762207e-01,-5.243420600891113281e-01,4.785098135471343994e-01,4.811346232891082764e-01
6.725449562072753906e-01,6.778826117515563965e-01,2.152545899152755737e-01,-2.045089155435562134e-01
1.588477045297622681e-01,-6.002277135848999023e-01,-3.841082751750946045e-01,-6.833409667015075684e-01
1.644042134284973145e-01,-3.646949231624603271e-01,-6.138104200363159180e-01,6.805921196937561035e-01
6.702729463577270508e-01,-6.239321231842041016e-01,-3.498963117599487305e-01,1.975231766700744629e-01
5.051831603050231934e-01,8.964018896222114563e-03,7.166529893875122070e-01,-4.807474315166473389e-01
3.849443495273590088e-01,3.933632671833038330e-01,6.007415056228637695e-01,5.798214077949523926e-01
6.932103633880615234e-01,3.241880238056182861e-01,-6.422462463378906250e-01,-4.337317124009132385e-02
3.084166944026947021e-01,-4.044416546821594238e-02,-7.196495532989501953e-01,-6.207639575004577637e-01
5.566422939300537109e-01,7.030111551284790039e-01,-1.651050448417663574e-01,4.106884002685546875e-01
6.326925754547119141e-01,-7.231393456459045410e-01,-2.251549996435642242e-02,-2.761568725109100342e-01
7.702908664941787720e-02,3.427082896232604980e-01,6.387031078338623047e-01,-6.845991015434265137e-01
2.961833402514457703e-02,-6.852571964263916016e-01,2.403461784124374390e-01,6.868616938591003418e-01
6.083879470825195312e-01,5.517935156822204590e-01,4.741527140140533447e-01,3.171233832836151123e-01
5.776287317276000977e-01,-5.101652145385742188e-01,5.205588340759277344e-01,-3.675527870655059814e-01
2.611189484596252441e-01,-6.023437976837158203e-01,-4.127772450447082520e-01,6.313586831092834473e-01
6.759136319160461426e-01,-7.293658256530761719e-01,-5.640670657157897949e-02,8.935615420341491699e-02
4.144680202007293701e-01,3.164090812206268311e-01,6.610557436943054199e-01,-5.395432114601135254e-01
4.584045410156250000e-01,-1.201967671513557434e-01,7.243033051490783691e-01,5.008020997047424316e-01
6.615036725997924805e-01,6.886075139045715332e-01,-2.585252523422241211e-01,-1.462780237197875977e-01
2.036366909742355347e-01,4.679313302040100098e-01,-5.692179203033447266e-01,-6.446420550346374512e-01
1.071088165044784546e-01,6.748337149620056152e-01,-2.992011606693267822e-01,6.660373806953430176e-01
6.290055513381958008e-01,-1.737510263919830322e-01,7.188084721565246582e-01,2.397436201572418213e-01
5.210003256797790527e-01,7.106475234031677246e-01,-2.093041688203811646e-01,-4.239463508129119873e-01
3.263262510299682617e-01,-6.646854877471923828e-01,3.301128447055816650e-01,5.854313969612121582e-01
6.687031388282775879e-01,6.193240284919738770e-01,4.113053977489471436e-01,1.008687634021043777e-02
3.423371315002441406e-01,-4.926354885101318359e-01,-5.585676431655883789e-01,-5.728156566619873047e-01
5.035591721534729004e-01,4.653536081314086914e-01,-5.831694602966308594e-01,4.356461465358734131e-01
6.276730895042419434e-01,1.116186007857322693e-01,-7.390094995498657227e-01,-2.177906334400177002e-01
1.249469667673110962e-01,-6.970257163047790527e-01,2.733167707920074463e-01,-6.510310173034667969e-01
1.801238805055618286e-01,6.947457194328308105e-01,2.825392186641693115e-01,6.364396214485168457e-01
6.398018598556518555e-01,-1.028648391366004944e-01,-7.442257404327392578e-01,1.618654280900955200e-01
4.590477943420410156e-01,-4.619936645030975342e-01,-5.941112041473388672e-01,-4.720899164676666260e-01
3.843364417552947998e-01,5.057306289672851562e-01,-5.591027736663818359e-01,5.328472256660461426e-01
6.521469354629516602e-01,-6.342917680740356445e-01,4.098614752292633057e-01,-6.627106666564941406e-02
2.680697143077850342e-01,6.732462048530578613e-01,3.449712395668029785e-01,-5.965509414672851562e-01
5.397017002105712891e-01,-7.241542935371398926e-01,-2.232023030519485474e-01,3.667469024658203125e-01
5.861140489578247070e-01,1.690650880336761475e-01,7.399924993515014648e-01,-2.833697795867919922e-01
4.754168912768363953e-02,-6.911643147468566895e-01,-3.168862462043762207e-01,-6.477767825126647949e-01
5.299987271428108215e-02,-6.349683403968811035e-01,-4.205869436264038086e-01,6.458427906036376953e-01
5.844522118568420410e-01,-7.614708542823791504e-01,-4.683345928788185120e-02,2.763771712779998779e-01
5.303323268890380859e-01,3.407467603683471680e-01,6.840146183967590332e-01,-3.671011626720428467e-01
2.687996327877044678e-01,-1.134004369378089905e-01,7.570190429687500000e-01,5.846445560455322266e-01
6.392039656639099121e-01,7.134841084480285645e-01,-2.807686328887939453e-01,5.939440056681632996e-02
3.701587319374084473e-01,4.783036112785339355e-01,-6.008905172348022461e-01,-5.226267576217651367e-01
4.493358433246612549e-01,6.759344935417175293e-01,3.673001527786254883e-01,4.542030692100524902e-01
6.165390610694885254e-01,-4.113991856575012207e-01,6.515371799468994141e-01,-1.616466045379638672e-01
1.678744554519653320e-01,7.712126970291137695e-01,3.056368231773376465e-02,-6.132822036743164062e-01
1.249196231365203857e-01,-3.740440011024475098e-01,6.765702962875366211e-01,6.218832731246948242e-01
5.995659828186035156e-01,7.742109894752502441e-01,-1.437696255743503571e-02,2.022653520107269287e-01
4.737900793552398682e-01,-7.527744770050048828e-01,-1.867969632148742676e-01,-4.170856773853302002e-01
3.276703357696533203e-01,5.332754179835319519e-02,-7.750301957130432129e-01,5.376955866813659668e-01
6.279407739639282227e-01,-3.418839573860168457e-01,-6.989879012107849121e-01,-1.488624233752489090e-02
3.003323674201965332e-01,-4.350993931293487549e-01,6.466145515441894531e-01,-5.498896241188049316e-01
4.881645143032073975e-01,-1.956473290920257568e-02,7.803795337677001953e-01,3.902824819087982178e-01
5.806198120117187500e-01,6.867087483406066895e-01,-3.738438785076141357e-01,-2.270518541336059570e-01
9.344155341386795044e-02,4.084361493587493896e-01,-6.681774854660034180e-01,-6.148068308830261230e-01
1.919358372688293457e-01,6.659272313117980957e-01,-4.144577980041503906e-01,5.898527503013610840e-01
6.052533388137817383e-01,-7.516962289810180664e-01,2.283424139022827148e-01,1.283779740333557129e-01
4.127482771873474121e-01,5.745053291320800781e-01,5.376655459403991699e-01,-4.588008522987365723e-01
3.791816532611846924e-01,-6.601808071136474609e-01,-4.304126799106597900e-01,4.848994910717010498e-01
6.079531311988830566e-01,-4.272494465112686157e-02,7.881760001182556152e-01,-8.570943027734756470e-02
2.291540503501892090e-01,-7.498919963836669922e-01,2.503237426280975342e-01,-5.678806304931640625e-01
5.181065201759338379e-01,-3.773263394832611084e-01,-6.961163282394409180e-01,3.234385251998901367e-01
5.377460122108459473e-01,-6.758826971054077148e-01,-4.148359000682830811e-01,-2.862219512462615967e-01
2.094219624996185303e-02,-2.135016582906246185e-02,7.939795851707458496e-01,-6.072084307670593262e-01
1.044491212815046310e-02,5.165981650352478027e-01,6.049287915229797363e-01,6.058699488639831543e-01
5.285099744796752930e-01,2.659941911697387695e-01,-7.510077953338623047e-01,2.931067645549774170e-01
5.167057514190673828e-01,-1.453693062067031860e-01,-7.845932245254516602e-01,-3.103166222572326660e-01
2.152961045503616333e-01,7.485758662223815918e-01,-2.798322141170501709e-01,5.612269639968872070e-01
5.920781493186950684e-01,-2.340553551912307739e-01,7.654038667678833008e-01,9.390674531459808350e-02
3.763378560543060303e-01,7.810748219490051270e-01,-1.802782416343688965e-01,-4.645338356494903564e-01
3.910532891750335693e-01,-7.390241622924804688e-01,3.136472105979919434e-01,4.500511884689331055e-01
5.836722850799560547e-01,6.421092152595520020e-01,4.839216172695159912e-01,-1.133238822221755981e-01
1.931589692831039429e-01,-4.957288801670074463e-01,-6.345788836479187012e-01,-5.605819225311279297e-01
7.875587791204452515e-02,-1.584390997886657715e-01,-7.907513380050659180e-01,5.860092639923095703e-01
5.453471541404724121e-01,-5.333870053291320801e-01,-6.064997911453247070e-01,2.241712361574172974e-01
4.654984474182128906e-01,-2.589374780654907227e-01,7.663212418556213379e-01,-3.591856360435485840e-01
2.721238732337951660e-01,5.980269908905029297e-01,5.464555621147155762e-01,5.193251371383666992e-01
5.841441154479980469e-01,1.744900047779083252e-01,-7.923107743263244629e-01,2.392812445759773254e-02
3.118994235992431641e-01,-2.454059123992919922e-01,-7.745528817176818848e-01,-4.925063252449035645e-01
4.296233952045440674e-01,7.212359905242919922e-01,-3.767333924770355225e-01,3.915537893772125244e-01
5.523040294647216797e-01,-7.953367233276367188e-01,1.774881333112716675e-01,-1.757776439189910889e-01
1.235633268952369690e-01,5.521878600120544434e-01,6.009194850921630859e-01,-5.645498037338256836e-01
1.425306648015975952e-01,-7.859726548194885254e-01,2.240887582302093506e-01,5.583155751228332520e-01
5.531466603279113770e-01,5.879105329513549805e-01,5.694586038589477539e-01,1.552639156579971313e-01
4.098179340362548828e-01,-8.108585476875305176e-01,1.199307739734649658e-01,-4.002177715301513672e-01
3.220107555389404297e-01,-2.592889070510864258e-01,-7.788436412811279297e-01,4.716788530349731445e-01
5.677836537361145020e-01,-6.148617863655090332e-01,-5.456429719924926758e-01,-4.290102794766426086e-02
2.459941208362579346e-01,-1.653482168912887573e-01,8.064702749252319336e-01,-5.116175413131713867e-01
4.597290158271789551e-01,-5.988787412643432617e-01,5.665966272354125977e-01,3.300935328006744385e-01
5.141591429710388184e-01,7.912608981132507324e-01,2.356838136911392212e-01,-2.323785126209259033e-01
5.566233024001121521e-02,8.042436838150024414e-01,-1.917964518070220947e-01,-5.597391724586486816e-01
3.139904513955116272e-02,8.253973722457885742e-01,-6.531529873609542847e-02,5.598814487457275391e-01
4.990140795707702637e-01,2.513945698738098145e-01,7.901270389556884766e-01,2.519621849060058594e-01
4.662488102912902832e-01,5.593656897544860840e-01,-6.136474013328552246e-01,-3.052194714546203613e-01
2.189275324344635010e-01,-4.449377954006195068e-01,7.024504542350769043e-01,5.105531215667724609e-01
5.498673319816589355e-01,8.319814205169677734e-01,3.415035828948020935e-02,6.547158211469650269e-02
3.305758833885192871e-01,-7.959122657775878906e-01,-2.486688643693923950e-01,-4.420487284660339355e-01
3.767158687114715576e-01,1.068320348858833313e-01,-8.281621336936950684e-01,4.010230898857116699e-01
5.339233875274658203e-01,-3.220118582248687744e-01,-7.717040181159973145e-01,-1.253277063369750977e-01
1.579095274209976196e-01,-5.080174207687377930e-01,6.656501889228820801e-01,-5.233476161956787109e-01
9.345794469118118286e-02,6.278519630432128906e-01,5.558119416236877441e-01,5.367873311042785645e-01
5.099147558212280273e-01,1.676536649465560913e-01,-8.227820992469787598e-01,1.868390440940856934e-01
4.153824150562286377e-01,-2.665671408176422119e-01,-7.974792718887329102e-01,-3.470247685909271240e-01
2.687220275402069092e-01,7.400950193405151367e-01,-4.015516936779022217e-01,4.677650034427642822e-01
5.376440882682800293e-01,-8.199331760406494141e-01,1.965887099504470825e-01,1.158478320576250553e-03
2.689121961593627930e-01,5.810138583183288574e-01,6.126284003257751465e-01,-4.634604752063751221e-01
4.083273410797119141e-01,-6.794976592063903809e-01,-5.031169652938842773e-01,3.441293537616729736e-01
5.004656910896301270e-01,-9.609425812959671021e-02,8.411675095558166504e-01,-1.809343397617340088e-01
9.321599453687667847e-02,-8.342158794403076172e-01,-1.511089503765106201e-01,-5.220735669136047363e-01
1.504800766706466675e-01,-6.785850524902343750e-01,-5.101229548454284668e-01,5.066089630126953125e-01
5.121759772300720215e-01,-8.438745141029357910e-01,-1.026257053017616272e-01,1.225541234016418457e-01
3.609452843666076660e-01,3.335105776786804199e-01,7.831858396530151367e-01,-3.809319138526916504e-01
3.113572001457214355e-01,-1.762581467628479004e-01,8.339637517929077148e-01,4.201121330261230469e-01
5.176476836204528809e-01,8.114513754844665527e-01,-2.646929025650024414e-01,-5.937398970127105713e-02
2.066570371389389038e-01,5.711551308631896973e-01,-6.358070373535156250e-01,-4.762605428695678711e-01
4.315672814846038818e-01,7.262967824935913086e-01,4.526752233505249023e-01,2.851803302764892578e-01
4.610650539398193359e-01,-8.023405075073242188e-01,3.010393381118774414e-01,-2.303128689527511597e-01
3.096127137541770935e-02,6.627575755119323730e-01,5.450509786605834961e-01,-5.125556588172912598e-01
4.842968285083770752e-02,-6.417627930641174316e-01,5.713333487510681152e-01,5.092870593070983887e-01
4.635310471057891846e-01,8.167487978935241699e-01,2.704732418060302734e-01,2.119070440530776978e-01
4.137182533740997314e-01,-7.198629379272460938e-01,-4.732703566551208496e-01,-2.943632304668426514e-01
2.172222584486007690e-01,3.415259420871734619e-01,-7.921493649482727051e-01,4.568083584308624268e-01
5.022905468940734863e-01,-1.004361137747764587e-01,-8.579081296920776367e-01,4.013013467192649841e-02
2.847972810268402100e-01,-6.936582922935485840e-01,5.166091322898864746e-01,-4.133323729038238525e-01
3.562096357345581055e-01,5.846159458160400391e-01,6.389242410659790039e-01,3.508770167827606201e-01
4.800868332386016846e-01,2.613562941551208496e-01,-8.268288969993591309e-01,-1.325273513793945312e-01
1.247771903872489929e-01,-1.873160451650619507e-01,-8.478319048881530762e-01,-4.801295697689056396e-01
1.035633534193038940e-01,2.133904099464416504e-01,-8.428071737289428711e-01,4.831306934356689453e-01
4.683006107807159424e-01,-4.248016178607940674e-01,7.598394751548767090e-01,1.512681245803833008e-01
3.636769652366638184e-01,8.715621232986450195e-01,-1.204624027013778687e-02,-3.285931348800659180e-01
2.593883275985717773e-01,-8.573291897773742676e-01,1.634180545806884766e-01,4.135201871395111084e-01
4.858098030090332031e-01,5.709193348884582520e-01,6.616063714027404785e-01,-1.780335418879985809e-02
2.265447676181793213e-01,-8.735562562942504883e-01,5.024441331624984741e-02,-4.278463125228881836e-01
3.804122507572174072e-01,-2.014289647340774536e-01,-8.526455760002136230e-01,2.961560189723968506e-01
4.448039829730987549e-01,-6.015292406082153320e-01,-6.385090351104736328e-01,-1.806050091981887817e-01
6.571324169635772705e-02,-2.525202929973602295e-01,8.412597179412841797e-01,-4.734948873519897461e-01
1.531220227479934692e-01,2.494230866432189941e-02,8.790991902351379395e-01,4.506841003894805908e-01
4.648481607437133789e-01,7.497959733009338379e-01,-4.617321491241455078e-01,9.233389794826507568e-02
3.110264241695404053e-01,4.190030097961425781e-01,-7.757449746131896973e-01,-3.548504114151000977e-01
2.941515743732452393e-01,8.377692699432373047e-01,2.782796621322631836e-01,3.663031160831451416e-01
4.622446000576019287e-01,-3.328929543495178223e-01,8.187993168830871582e-01,-7.127369940280914307e-02
1.686395257711410522e-01,8.766412138938903809e-01,-1.212571784853935242e-01,-4.340018332004547119e-01
3.963270187377929688e-01,-8.433165550231933594e-01,2.719806432723999023e-01,2.403510957956314087e-01
4.044625759124755859e-01,6.580173373222351074e-01,5.950819849967956543e-01,-2.220375090837478638e-01
9.895452298223972321e-03,-4.821745157241821289e-01,-7.460363507270812988e-01,-4.591727256774902344e-01
1.378832198679447174e-02,-4.435148835182189941e-01,-7.709151506423950195e-01,4.569401144981384277e-01
4.007301032543182373e-01,-7.705022096633911133e-01,-4.464248120784759521e-01,2.155148237943649292e-01
3.851765394210815430e-01,-1.365795964375138283e-03,8.915828466415405273e-01,-2.381536513566970825e-01
1.668501198291778564e-01,4.784819483757019043e-01,7.536113262176513672e-01,4.186717569828033447e-01
4.438560009002685547e-01,4.139118790626525879e-01,-7.921521663665771484e-01,6.452695280313491821e-02
2.764580845832824707e-01,-3.766385093331336975e-02,-8.940708637237548828e-01,-3.504135608673095703e-01
2.956236898899078369e-01,8.750128149986267090e-01,-1.925798505544662476e-01,3.314698636531829834e-01
4.327149689197540283e-01,-8.961289525032043457e-01,-4.050130397081375122e-02,-8.983463048934936523e-02
1.378638744354248047e-01,4.134902358055114746e-01,7.972869277000427246e-01,-4.175558984279632568e-01
6.387402117252349854e-02,-8.991422653198242188e-01,1.170078013092279434e-02,4.328121542930603027e-01
4.046826958656311035e-01,4.602591693401336670e-01,7.737624645233154297e-01,1.602655649185180664e-01
3.393723964691162109e-01,-6.498170495033264160e-01,6.246901750564575195e-01,-2.689356207847595215e-01
2.048431932926177979e-01,-7.289137840270996094e-01,-5.321069359779357910e-01,3.789276182651519775e-01
4.283103346824645996e-01,-8.983865976333618164e-01,-9.647668898105621338e-02,1.200073491781949997e-02
2.233505100011825562e-01,3.660791516304016113e-01,8.272517323493957520e-01,-3.629809617996215820e-01
3.169640898704528809e-01,-1.748258620500564575e-01,8.886778950691223145e-01,2.814627289772033691e-01
4.000438749790191650e-01,8.580502271652221680e-01,-2.932838201522827148e-01,-1.330385953187942505e-01
8.433987945318222046e-02,5.971593260765075684e-01,-6.838271021842956543e-01,-4.106921553611755371e-01
1.083424612879753113e-01,8.415374159812927246e-01,-3.434918224811553955e-01,4.026040732860565186e-01
4.005670547485351562e-01,-2.400684058666229248e-01,8.777768015861511230e-01,1.068692132830619812e-01
2.911663949489593506e-01,8.812485933303833008e-01,-2.312553077936172485e-01,-2.917944490909576416e-01
2.354360669851303101e-01,-8.286765813827514648e-01,3.812169432640075684e-01,3.354677557945251465e-01
4.058611989021301270e-01,7.453551292419433594e-01,5.276647806167602539e-01,-3.594890236854553223e-02
1.707843691110610962e-01,-5.840708017349243164e-01,-7.034193277359008789e-01,-3.672808110713958740e-01
3.300622403621673584e-01,5.920003652572631836e-01,-6.981591582298278809e-01,2.305825203657150269e-01
3.625176548957824707e-01,1.637983769178390503e-01,-9.016727805137634277e-01,-1.695204824209213257e-01
3.423907607793807983e-02,-8.637734055519104004e-01,3.093419075012207031e-01,-3.962711393833160400e-01
2.723379433155059814e-02,8.459443449974060059e-01,3.579498827457427979e-01,3.943454325199127197e-01
3.529035151004791260e-01,-1.131091788411140442e-01,-9.126387238502502441e-01,1.724992245435714722e-01
3.237716257572174072e-01,-5.549144744873046875e-01,-7.346606254577636719e-01,-2.179809361696243286e-01
1.574279963970184326e-01,6.278616786003112793e-01,-6.748326420783996582e-01,3.544108569622039795e-01
3.831304311752319336e-01,-7.820246815681457520e-01,4.898978471755981445e-01,4.060252755880355835e-02
2.252314686775207520e-01,8.162107467651367188e-01,4.327997863292694092e-01,-3.094432950019836426e-01
2.638543248176574707e-01,-8.799706697463989258e-01,-2.848163843154907227e-01,2.737008333206176758e-01
3.664575815200805664e-01,1.935476660728454590e-01,9.055171012878417969e-01,-9.103272855281829834e-02
1.036746576428413391e-01,-8.371711969375610352e-01,-3.981448709964752197e-01,-3.603839278221130371e-01
6.861145794391632080e-02,-5.700831413269042969e-01,-7.323477864265441895e-01,3.660114109516143799e-01
3.487983047962188721e-01,-8.608547449111938477e-01,-3.495859205722808838e-01,1.227130219340324402e-01
2.786597311496734619e-01,1.278214603662490845e-01,9.213555455207824707e-01,-2.389861345291137695e-01
1.856068670749664307e-01,-4.242406487464904785e-01,8.289797306060791016e-01,3.136281073093414307e-01
3.617238998413085938e-01,9.310845732688903809e-01,-4.713968187570571899e-02,-3.897232934832572937e-03
1.761573404073715210e-01,7.836520671844482422e-01,-5.069350600242614746e-01,-3.128495514392852783e-01
2.753969132900238037e-01,6.360251903533935547e-01,6.844843626022338867e-01,2.260744720697402954e-01
3.309094905853271484e-01,-4.032832086086273193e-01,8.440157771110534668e-01,-1.244946345686912537e-01
5.718714371323585510e-02,9.336209893226623535e-01,-7.283555716276168823e-02,-3.460874259471893311e-01
1.033890098333358765e-01,-3.543139994144439697e-01,8.679676651954650879e-01,3.322716653347015381e-01
3.367015719413757324e-01,9.298704862594604492e-01,-1.272801011800765991e-01,7.597809284925460815e-02
2.322225570678710938e-01,-9.321601390838623047e-01,-1.178555041551589966e-01,-2.515157759189605713e-01
2.056343257427215576e-01,-4.585353657603263855e-02,-9.395015239715576172e-01,2.700905501842498779e-01
3.338566422462463379e-01,-5.100231170654296875e-01,-7.915776371955871582e-01,-4.267297312617301941e-02
1.288471221923828125e-01,-4.309886991977691650e-01,8.384036421775817871e-01,-3.077767789363861084e-01
2.782534658908843994e-01,8.707728236913681030e-02,9.397034645080566406e-01,1.787456423044204712e-01
2.912888526916503906e-01,7.711125612258911133e-01,-5.458604097366333008e-01,-1.502420753240585327e-01
1.538913697004318237e-02,3.953046202659606934e-01,-8.592237830162048340e-01,-3.243947029113769531e-01
3.459591418504714966e-02,5.238941907882690430e-01,-7.886819839477539062e-01,3.198730051517486572e-01
2.915263175964355469e-01,-7.109420299530029297e-01,6.268962621688842773e-01,1.287435442209243774e-01
2.547726929187774658e-01,8.993550539016723633e-01,3.025740683078765869e-01,-1.862800270318984985e-01
1.378376483917236328e-01,-9.392503499984741211e-01,-1.419596374034881592e-01,2.804585993289947510e-01
3.086693286895751953e-01,3.470595180988311768e-01,8.853511214256286621e-01,2.064876630902290344e-02
1.704506427049636841e-01,-9.071323275566101074e-01,2.887229919433593750e-01,-2.543552219867706299e-01
2.185794711112976074e-01,-4.423344135284423828e-01,-8.441228866577148438e-01,2.098091691732406616e-01
2.878775298595428467e-01,-8.059995174407958984e-01,-5.104125738143920898e-01,-8.348818868398666382e-02
7.085294276475906372e-02,-3.907235339283943176e-02,9.542446136474609375e-01,-2.878723442554473877e-01
6.514425575733184814e-02,2.633449733257293701e-01,9.190821051597595215e-01,2.858211398124694824e-01
2.768992483615875244e-01,6.649852991104125977e-01,-6.883387565612792969e-01,8.550545573234558105e-02
2.100140601396560669e-01,2.319716811180114746e-01,-9.296009540557861328e-01,-1.947443038225173950e-01
1.534569859504699707e-01,9.567759037017822266e-01,6.709527224302291870e-02,2.377584427595138550e-01
2.791653275489807129e-01,-6.363529562950134277e-01,7.189783453941345215e-01,-1.384641695767641068e-02
1.259863227605819702e-01,9.418261051177978516e-01,1.918115317821502686e-01,-2.455592006444931030e-01
2.171131074428558350e-01,-9.618405103683471680e-01,-2.537787146866321564e-02,1.645619869232177734e-01
2.477458268404006958e-01,4.594262540340423584e-01,8.465588688850402832e-01,-1.043438240885734558e-01
3.305258974432945251e-02,-2.249024957418441772e-01,-9.376067519187927246e-01,-2.630969882011413574e-01
8.730244636535644531e-02,2.200476974248886108e-01,-9.397976398468017578e-01,2.464501112699508667e-01
2.533840537071228027e-01,-2.796245813369750977e-01,-9.248804450035095215e-01,4.693372175097465515e-02
1.648586094379425049e-01,-6.618489027023315430e-01,7.053388357162475586e-01,-1.930667459964752197e-01
1.590403318405151367e-01,6.216894388198852539e-01,7.422952651977539062e-01,1.928890198469161987e-01
2.426837682723999023e-01,3.323474824428558350e-01,-9.104934334754943848e-01,-4.063821211457252502e-02
8.474728465080261230e-02,-1.675992906093597412e-01,-9.556760787963867188e-01,-2.267413735389709473e-01
2.050746381282806396e-01,9.129995107650756836e-01,-3.313476741313934326e-01,1.207684352993965149e-01
2.035233974456787109e-01,-9.686501026153564453e-01,8.384227752685546875e-02,-1.151769459247589111e-01
1.979219028726220131e-03,5.575096011161804199e-01,7.977772951126098633e-01,-2.296311408281326294e-01
1.942221075296401978e-03,-8.081003427505493164e-01,5.442357659339904785e-01,2.253385782241821289e-01
1.923115253448486328e-01,8.762722611427307129e-01,4.281573891639709473e-01,1.088319793343544006e-01
1.865600198507308960e-01,-8.740168213844299316e-01,4.349937736988067627e-01,-1.098651811480522156e-01
7.420429587364196777e-02,-5.807507634162902832e-01,-7.860068082809448242e-01,1.985336095094680786e-01
2.044425159692764282e-01,-8.968639373779296875e-01,-3.907253444194793701e-01,3.423458710312843323e-02
1.288373917341232300e-01,1.101661324501037598e-01,9.730610251426696777e-01,-1.562579572200775146e-01
1.283422559499740601e-01,-4.683582782745361328e-01,8.611492514610290527e-01,1.503022462129592896e-01
1.894159764051437378e-01,9.809516668319702148e-01,-2.498980239033699036e-02,-3.508506715297698975e-02
6.260782480239868164e-02,8.378826379776000977e-01,-5.126367807388305664e-01,-1.767385303974151611e-01
2.271322160959243774e-02,9.798204302787780762e-01,-8.215092122554779053e-02,1.807961165904998779e-01
1.629166454076766968e-01,1.790976896882057190e-02,9.840880036354064941e-01,6.861607730388641357e-02
1.364080160856246948e-01,8.441399931907653809e-01,-5.080657005310058594e-01,-1.033911481499671936e-01
7.548403739929199219e-02,-7.438381314277648926e-01,6.475809216499328613e-01,1.471254974603652954e-01
1.591487228870391846e-01,9.336766600608825684e-01,3.207137584686279297e-01,7.893672212958335876e-03
8.302050083875656128e-02,-8.196756243705749512e-01,-5.519912838935852051e-01,-1.286277472972869873e-01
1.074781194329261780e-01,4.016711711883544922e-01,-9.039778113365173340e-01,9.966357797384262085e-02
1.335326731204986572e-01,-1.042353287339210510e-01,-9.846845865249633789e-01,-4.123439267277717590e-02
2.946259640157222748e-02,-8.014412522315979004e-01,5.831927657127380371e-01,-1.292674690485000610e-01
2.987422421574592590e-02,5.239402651786804199e-01,8.425328731536865234e-01,1.213776394724845886e-01
1.122995093464851379e-01,4.681484699249267578e-01,-8.758796453475952148e-01,3.256830573081970215e-02
7.809730619192123413e-02,-3.254352882504463196e-02,-9.935905337333679199e-01,-7.496372610330581665e-02
5.501271039247512817e-02,9.738053679466247559e-01,-2.047863602638244629e-01,8.209279179573059082e-02
8.819123357534408569e-02,-9.946057796478271484e-01,-5.428439378738403320e-02,-5.899647250771522522e-03
3.376318886876106262e-02,4.507342278957366943e-01,8.893701434135437012e-01,-6.869804859161376953e-02
5.045251175761222839e-02,-5.989115238189697266e-01,-7.983725666999816895e-01,3.688894212245941162e-02
4.042742773890495300e-02,-3.923392295837402344e-01,9.187582731246948242e-01,-1.785351708531379700e-02
0.000000000000000000e+00,9.948431253433227539e-01,1.014257445931434631e-01,-0.000000000000000000e+00
